id,type,latitude,longitude,streetName,streetNumber,altitude,slots,bikes,nearbyStations,status,updateTime
1,BIKE,41.397952,2.180042,Gran Via Corts Catalanes,760,21,2,25,"24, 369, 387, 426",OPN,01/08/18 17:43:08
2,BIKE,41.39553,2.17706,Roger de Flor/ Gran VĂ­a,126,21,0,27,"360, 368, 387, 414",OPN,01/08/18 17:43:08
3,BIKE,41.394072,2.183441,NĂ pols,82,22,19,7,"4, 6, 119, 419",OPN,01/08/18 17:43:08
4,BIKE,41.39347,2.18149,Ribes,13,21,11,7,"3, 5, 359, 419",OPN,01/08/18 17:43:08
5,BIKE,41.391075,2.180223,Pg LluĂ­s Companys,11,16,34,2,"6, 7, 359, 418",OPN,01/08/18 17:43:08
6,BIKE,41.391349,2.18061,Pg LluĂ­s Companys,18,16,18,17,"5, 8, 359, 419",OPN,01/08/18 17:43:08
7,BIKE,41.388856,2.183251,Pg LluĂ­s Companys,1,16,7,19,"8, 118, 389",OPN,01/08/18 17:43:08
8,BIKE,41.389088,2.183568,Pg LluĂ­s Companys,2,11,9,12,"6, 118, 389",OPN,01/08/18 17:43:08
9,BIKE,41.384532,2.184921,MarquĂ¨s de l'Argentera,13,11,3,21,"14, 40, 115, 389, 390",OPN,01/08/18 17:43:08
11,BIKE,41.381689,2.193914,Passeig MarĂ­tim,19,1,9,12,"116, 124, 125, 396",OPN,01/08/18 17:43:08
12,BIKE,41.384538,2.195679,Pg MarĂ­tim Barceloneta,23,0,24,4,"11, 13, 116, 396",OPN,01/08/18 17:43:08
13,BIKE,41.386861,2.195761,Avinguda Litoral,16,1,33,0,"11, 12, 46, 69",OPN,01/08/18 17:43:08
14,BIKE,41.384675,2.185039,Avinguda del Marques Argentera,15,11,3,22,"9, 40, 115, 389, 390",OPN,01/08/18 17:43:08
15,BIKE,41.394812,2.171189,Girona,68,40,11,5,"23, 25, 362, 413",OPN,01/08/18 17:43:08
16,BIKE,41.39827,2.186708,Av. Meridiana,47,18,4,15,"17, 44, 48, 372",OPN,01/08/18 17:43:08
17,BIKE,41.398237,2.186711,Av. Meridiana,47,18,6,12,"16, 48, 211, 372",OPN,01/08/18 17:43:08
18,BIKE,41.406086,2.174167,RossellĂ³,453,49,24,1,"19, 28, 120, 370",OPN,01/08/18 17:43:08
19,BIKE,41.403282,2.170726,RossellĂ³,354,49,26,0,"18, 22, 29, 370",OPN,01/08/18 17:43:08
20,BIKE,41.410166,2.175759,Cartagena,308,59,10,10,"21, 28, 164, 177, 278",OPN,01/08/18 17:43:08
21,BIKE,41.410897,2.17402,Sant Antoni Maria Claret,214,59,11,10,"20, 28, 164, 278",OPN,01/08/18 17:43:08
22,BIKE,41.401684,2.17568,Sardenya,292,28,11,8,"29, 120, 369, 370",OPN,01/08/18 17:43:08
23,BIKE,41.392526,2.171812,Bruc,45,42,25,0,"15, 360, 363, 413",OPN,01/08/18 17:43:08
24,BIKE,41.400659,2.179111,Marina,199,30,19,8,"1, 30, 369, 426",OPN,01/08/18 17:43:08
25,BIKE,41.395179,2.168294,Bruc,102,42,10,10,"15, 123, 362, 413",OPN,01/08/18 17:43:08
26,BIKE,41.407035,2.181981,Dos Maig,230,28,11,7,"120, 121, 177, 371",OPN,01/08/18 17:43:08
27,BIKE,41.396881,2.164415,ProvenĂ§a,322,49,20,0,"123, 189, 224, 374",OPN,01/08/18 17:43:08
28,BIKE,41.405422,2.17064,Sardenya,362,45,22,1,"18, 20, 122, 277",OPN,01/08/18 17:43:08
29,BIKE,41.401101,2.170082,ProvenĂ§a,388,50,15,2,"19, 224, 360, 370",OPN,01/08/18 17:43:08
30,BIKE,41.402046,2.182286,Diagonal,231,28,3,17,"24, 218, 369, 371",OPN,01/08/18 17:43:08
31,BIKE,41.37481,2.18895,PlaĂ§a del Mar,72,1,0,17,"33, 39, 41, 124",OPN,01/08/18 17:43:08
32,BIKE,41.373698,2.188927,PlaĂ§a del Mar,1,1,0,27,"31, 33, 124, 400",OPN,01/08/18 17:43:08
33,BIKE,41.376862,2.190773,Pontevedra,58B,1,1,17,"31, 41, 124, 424",OPN,01/08/18 17:43:08
34,BIKE,41.387074,2.175247,Sant Pere MĂ©s Alt,4,16,11,6,"36, 105, 359, 380",OPN,01/08/18 17:43:08
35,BIKE,41.413592,2.221153,Sant Ramon de Penyafort,1,1,17,8,"157, 158, 159, 160",OPN,01/08/18 17:43:08
36,BIKE,41.385151,2.176804,Catedral,6,16,15,5,"34, 35, 53, 358, 380",OPN,01/08/18 17:43:08
37,BIKE,41.381226,2.181888,Pl. Antonio LĂ³pez,NA,5,19,4,"38, 115, 126, 401",OPN,01/08/18 17:43:08
38,BIKE,41.381129,2.186397,Pl. Pau Vila,NA,1,8,13,"39, 40, 124, 126",OPN,01/08/18 17:43:08
39,BIKE,41.381046,2.186576,Pl. Pau Vila,NA,1,6,10,"38, 40, 124, 126",OPN,01/08/18 17:43:08
40,BIKE,41.382335,2.187093,Doctor Aiguader,2,1,5,10,"37, 38, 116, 402",OPN,01/08/18 17:43:08
41,BIKE,41.379326,2.189906,Pl. Poeta BoscĂ /AtlĂ ntida,NA,1,4,14,"31, 39, 124, 424",OPN,01/08/18 17:43:08
42,BIKE,41.404511,2.189881,Ciutat de Granada,168,18,14,10,"43, 44, 133, 286",OPN,01/08/18 17:43:08
43,BIKE,41.40541,2.18712,Av Meridiana,80,18,9,13,"30, 42, 44, 218",OPN,01/08/18 17:43:08
44,BIKE,41.402165,2.187136,Av Meridiana,66,18,17,1,"30, 42, 43, 286",OPN,01/08/18 17:43:08
45,BIKE,41.391401,2.189399,Marina,66,18,4,11,"47, 118, 392, 409",OPN,01/08/18 17:43:08
46,BIKE,41.388359,2.193004,Ramon trias Fargas,19,1,28,0,"47, 69, 392, 407",OPN,01/08/18 17:43:08
47,BIKE,41.389076,2.192104,Ramon Trias Fargas,NA,1,30,4,"13, 46, 392, 407",OPN,01/08/18 17:43:08
48,BIKE,41.395261,2.18708,Meridiana,40,18,13,6,"16, 118, 149, 211",OPN,01/08/18 17:43:08
49,BIKE,41.39106,2.196457,Rosa Sensat en front,20,1,8,11,"46, 117, 163, 396",OPN,01/08/18 17:43:08
50,BIKE,41375,2.17035,Av. Paral.lel,54,1,7,15,"114, 187, 232, 233",OPN,01/08/18 17:43:08
51,BIKE,41.384054,2.169019,Pl. VicenĂ§ Martorell,NA,32,1,14,"55, 58, 59, 63",OPN,01/08/18 17:43:08
53,BIKE,41.385227,2.173878,Pl. Carles Pi i Sunyer,NA,32,16,2,"34, 36, 380, 395",OPN,01/08/18 17:43:08
54,BIKE,41.377635,2.170586,Sant Oleguer,2,24,9,10,"114, 187, 388, 415",OPN,01/08/18 17:43:08
55,BIKE,41.381154,2.173497,La Rambla,80,24,6,11,"54, 378, 379, 395",OPN,01/08/18 17:43:08
56,BIKE,41.377011,2.175834,Portal de Santa Madrona,2,5,9,15,"54, 57, 378, 425",OPN,01/08/18 17:43:08
57,BIKE,41.376758,2.177093,La Rambla,2,5,12,10,"56, 114, 361, 378",OPN,01/08/18 17:43:08
58,BIKE,41.382822,2.167154,PlaĂ§a dels Ă€ngels,1,24,12,7,"51, 59, 381, 388",OPN,01/08/18 17:43:08
59,BIKE,41.382781,2.167203,PlaĂ§a dels Ă€ngels,2,24,17,2,"51, 58, 381, 388",OPN,01/08/18 17:43:08
60,BIKE,41.390349,2.16424,Rambla Catalunya,47,41,24,1,"61, 66, 80, 364",OPN,01/08/18 17:43:08
61,BIKE,41.390143,2.164946,Rambla Catalunya,42,41,17,6,"60, 80, 287, 364",OPN,01/08/18 17:43:08
62,BIKE,41.387142,2.168858,Pl. Catalunya,5,32,4,17,"63, 64, 65, 395",OPN,01/08/18 17:43:08
63,BIKE,41.386439,2.169417,Pl. Catalunya,7,32,9,18,"62, 64, 65, 395",OPN,01/08/18 17:43:08
64,BIKE,41.387469,2.169048,Pl. Catalunya,NA,32,0,20,"62, 63, 65, 395",OPN,01/08/18 17:43:08
65,BIKE,41.387678,2.169587,Pl. Catalunya,NA,32,13,6,"62, 63, 64, 395",OPN,01/08/18 17:43:08
66,BIKE,41.389097,2.167933,Gran Via,609,32,1,13,"61, 64, 79, 287",OPN,01/08/18 17:43:08
67,BIKE,41.385012,2.145843,Rocafort,214,51,19,2,"75, 87, 89, 365",OPN,01/08/18 17:43:08
68,BIKE,41.395364,2.157356,Rambla Catalunya,133,59,23,0,"72, 73, 92, 374",OPN,01/08/18 17:43:08
69,BIKE,41.386814,2.195689,Avda. Litoral,NA,1,30,0,"12, 13, 125, 397",OPN,01/08/18 17:43:08
70,BIKE,41.380347,2.160695,Comte Urgell,23,35,5,14,"71, 91, 113, 261",OPN,01/08/18 17:43:08
71,BIKE,41.381931,2.162969,Floridablanca,145,35,14,5,"70, 78, 113, 148",OPN,01/08/18 17:43:08
72,BIKE,41.392716,2.158811,ProvenĂ§a,215,55,24,0,"68, 73, 92, 374",OPN,01/08/18 17:43:08
73,BIKE,41.392278,2.156183,Enric Granados,93,59,19,0,"68, 72, 76, 92",OPN,01/08/18 17:43:08
74,BIKE,41.390062,2.143272,Josep Tarradellas,133,51,19,0,"101, 102, 109, 366",OPN,01/08/18 17:43:08
75,BIKE,41.385081,2.142868,Josep Tarradellas,58,51,20,0,"67, 99, 197, 365",OPN,01/08/18 17:43:08
76,BIKE,41.391751,2.153123,CĂ²rsega,216,45,29,1,"72, 73, 88, 90",OPN,01/08/18 17:43:08
78,BIKE,41.385598,2.16338,Pl. Universitat,NA,41,12,14,"71, 79, 209, 406",OPN,01/08/18 17:43:08
79,BIKE,41.38547,2.16333,Pl. Universitat,NA,41,18,3,"78, 209, 287, 406",OPN,01/08/18 17:43:08
80,BIKE,41.389687,2.159999,Enric Granados,35,41,18,1,"60, 209, 385, 394",OPN,01/08/18 17:43:08
81,BIKE,41.378915,2.149174,VilamarĂ­ davant,61,44,17,3,"82, 95, 97, 384",OPN,01/08/18 17:43:08
82,BIKE,41.379016,2.153799,Rocafort,72,40,29,4,"67, 81, 111, 112",OPN,01/08/18 17:43:08
83,BIKE,41.384075,2.153654,Comte Borrell,177,45,24,2,"87, 89, 110, 111",OPN,01/08/18 17:43:08
84,BIKE,41.383047,2.157033,Comte d'Urgell,75 B,35,0,21,"78, 91, 110, 209",OPN,01/08/18 17:43:08
85,BIKE,41.375076,2.159046,ParalÂ·lel,146,35,0,22,"112, 129, 235, 236",OPN,01/08/18 17:43:08
86,BIKE,41.37544,2163,Viladomat,2,35,8,18,"85, 187, 235, 373",OPN,01/08/18 17:43:08
87,BIKE,41.383156,2.148506,Mallorca,41,44,13,7,"67, 111, 191, 384",OPN,01/08/18 17:43:08
88,BIKE,41.393547,2.150764,Londres,101,59,12,0,"76, 109, 220, 350",OPN,01/08/18 17:43:08
89,BIKE,41.387953,2.150169,RossellĂ³,101,45,22,1,"76, 90, 110, 365",OPN,01/08/18 17:43:08
90,BIKE,41.38834,2.150825,RossellĂ³,108,45,14,0,"76, 89, 365, 385",OPN,01/08/18 17:43:08
91,BIKE,41.380452,2.158403,Comte Borrell,119,35,20,9,"70, 112, 113, 261",OPN,01/08/18 17:43:08
92,BIKE,41.39386,2.160237,ProvenĂ§a,241,50,13,0,"72, 73, 364, 374",OPN,01/08/18 17:43:08
93,BIKE,41.375454,2.149786,Gran Via,375,40,17,0,"94, 95, 96, 420",OPN,01/08/18 17:43:08
94,BIKE,41.375619,2.149889,Gran Via,375,40,21,0,"93, 95, 96, 420",OPN,01/08/18 17:43:08
95,BIKE,41.376428,2.147734,Tarragona,103,44,30,1,"93, 96, 97, 186",OPN,01/08/18 17:43:08
96,BIKE,41.374152,2.148154,Gran Via,361,61,18,2,"93, 95, 186, 420",OPN,01/08/18 17:43:08
97,BIKE,41.378124,2.145389,Tarragona,141,44,9,11,"81, 95, 100, 186",OPN,01/08/18 17:43:08
98,BIKE,41.380499,2.141153,Viriat,45,44,14,7,"75, 99, 100, 421",OPN,01/08/18 17:43:08
99,BIKE,41.380632,2.141548,Viriat,53,44,13,2,"98, 100, 195, 421",OPN,01/08/18 17:43:08
100,BIKE,41.379135,2.14409,Tarragona,159,44,16,1,"97, 98, 99, 384",OPN,01/08/18 17:43:08
101,BIKE,41.39243,2.14321,Av. Diagonal,602,69,26,0,"74, 102, 319, 366",OPN,01/08/18 17:43:08
102,BIKE,41.39218,2.14213,Av. Diagonal,612,69,24,0,"74, 102, 319, 366",OPN,01/08/18 17:43:08
103,BIKE,41.409856,2.188217,AragĂ³,629,17,8,9,"26, 104, 127, 132",OPN,01/08/18 17:43:08
104,BIKE,41.410821,2.187365,C/ValĂ¨ncia,621,17,11,11,"26, 103, 127, 177",OPN,01/08/18 17:43:08
105,BIKE,41.389069,2.173424,PL. Urquinaona,9,32,11,5,"65, 359, 363, 412",OPN,01/08/18 17:43:08
106,BIKE,41.405587,2.162317,Pl. Joanic,s/n,59,16,3,"108, 122, 226, 231",OPN,01/08/18 17:43:08
107,BIKE,41.398298,2.153128,Travessera de Gracia,92,59,16,2,"68, 219, 220, 223",OPN,01/08/18 17:43:08
108,BIKE,41.402314,2.164961,IndĂºstria,10,59,9,11,"29, 122, 224, 226",OPN,01/08/18 17:43:08
109,BIKE,41.390981,2.14737,C/ Londres,53,51,17,1,"89, 101, 350, 365",OPN,01/08/18 17:43:08
110,BIKE,41.385377,2.154878,Avda. Roma,136,43,18,2,"83, 84, 209, 385",OPN,01/08/18 17:43:08
111,BIKE,41.381231,2.152755,Calabria,137,41,10,7,"81, 82, 83, 262",OPN,01/08/18 17:43:08
112,BIKE,41.377644,2.15725,Floridablanca,49,40,5,12,"82, 91, 94, 113",OPN,01/08/18 17:43:08
113,BIKE,41.37742,2.1647,Sant Pau,51,30,5,19,"70, 112, 129, 427",OPN,01/08/18 17:43:08
114,BIKE,41.376801,2.173039,Pl. Jean Genet,1,24,10,6,"50, 54, 56, 425",OPN,01/08/18 17:43:08
115,BIKE,41.38377,2.18424,MarquĂ©s d'Argentera,3,1,9,10,"14, 37, 401",OPN,01/08/18 17:43:08
116,BIKE,41.383718,2.191414,Salvat Papasseit,72,11,21,6,"11, 13, 38, 39",OPN,01/08/18 17:43:08
117,BIKE,41.390666,2.197024,Rosa Sensat,12,1,20,0,"46, 49, 163, 396",OPN,01/08/18 17:43:08
118,BIKE,41.392212,2.187847,Sardenya,3,18,1,21,"7, 8, 45, 149",OPN,01/08/18 17:43:08
119,BIKE,41.396684,2.182447,Sardenya,178,21,5,14,"3, 372, 387, 426",OPN,01/08/18 17:43:08
120,BIKE,41.404666,2.176515,Lepant,278,28,3,17,"18, 22, 121, 370",OPN,01/08/18 17:43:08
121,BIKE,41.406293,2.178689,Castillejos,258,28,14,4,"18, 26, 120, 371",OPN,01/08/18 17:43:08
122,BIKE,41.405435,2.16624,NĂ pols,344,59,15,4,"19, 106, 108, 277",OPN,01/08/18 17:43:08
123,BIKE,41.398013,2.166978,Girona,142,45,17,0,"27, 189, 224, 362",OPN,01/08/18 17:43:08
124,BIKE,41.370297,2.187808,Passeig Joan de BorbĂ³,s/n,5,1,24,"31, 32, 41, 400",OPN,01/08/18 17:43:08
125,BIKE,41.384426,2.195595,Passeig Maritim,31,1,19,0,"12, 13, 69, 398",OPN,01/08/18 17:43:08
126,BIKE,41.380641,2.182243,Passeig de Colom,NA,5,2,18,"37, 115, 377, 402",OPN,01/08/18 17:43:08
127,BIKE,41.412322,2.19142,AragĂ³,661,17,13,13,"103, 104, 128, 238",OPN,01/08/18 17:43:08
128,BIKE,41.415581,2.19581,Rambla GuipĂºscoa,43,13,15,13,"127, 130, 135, 238",OPN,01/08/18 17:43:08
129,BIKE,41.37709,2.16124,Manso,46,35,1,23,"91, 112, 113, 148",OPN,01/08/18 17:43:08
130,BIKE,41.419905,2.201573,Rambla GuipĂºscoa,103,9,15,9,"127, 128, 131, 139",OPN,01/08/18 17:43:08
131,BIKE,41.422808,2.206036,Rambla GuipĂºscoa,158,9,7,20,"130, 139, 316, 317",OPN,01/08/18 17:43:08
132,BIKE,41.408439,2.192173,Pl. ValentĂ­ Amirall,NA,13,12,10,"42, 103, 133, 141",OPN,01/08/18 17:43:08
133,BIKE,41.407411,2.192819,Gran VĂ­a,902,16,11,5,"42, 43, 132, 141",OPN,01/08/18 17:43:08
134,BIKE,41.411433,2.198735,Bac de Roda,157,10,19,2,"135, 136, 141, 145",OPN,01/08/18 17:43:08
135,BIKE,41.411908,2.197936,Gran VĂ­a,981,13,2,17,"136, 137, 141",OPN,01/08/18 17:43:08
136,BIKE,41.414226,2.201734,Gran VĂ­a,1062,9,3,23,"137, 138, 146",OPN,01/08/18 17:43:08
137,BIKE,41.414758,2.201538,"Gran VĂ­a, 1041/ Selva de Mar",1041,9,25,1,"130, 136, 138, 146",OPN,01/08/18 17:43:08
138,BIKE,41.416966,2.205397,Gran VĂ­a,1118,9,0,22,"136, 137, 139, 147",OPN,01/08/18 17:43:08
139,BIKE,41.418035,2.206023,Gran VĂ­a,1131,9,9,18,"130, 131, 138, 147",OPN,01/08/18 17:43:08
140,BIKE,41.38063,2.15614,Viladomat,122,41,17,9,"82, 91, 111, 262",OPN,01/08/18 17:43:08
141,BIKE,41.40902,2.194896,Gran Via,940,13,13,14,"42, 132, 133, 135",OPN,01/08/18 17:43:08
142,BIKE,41.400503,2.192511,Sancho de Ăvila,104,16,32,0,"42, 44, 143, 211",OPN,01/08/18 17:43:08
143,BIKE,41.40325,2.19606,Sancho de Ăvila,170,16,25,0,"42, 144, 152, 153, 428",OPN,01/08/18 17:43:08
144,BIKE,41.40562,2.19764,Castella,28,16,24,0,"42, 143, 150, 286",OPN,01/08/18 17:43:08
145,BIKE,41.40982,2.202904,Pere IV,301,9,25,0,"135, 146, 150, 156",OPN,01/08/18 17:43:08
146,BIKE,41.415191,2.207111,Pere IV,464,9,6,8,"136, 137, 138, 145",OPN,01/08/18 17:43:08
147,BIKE,41.416018,2.212658,Rambla Prim,79,5,4,15,"146, 157, 158, 159",OPN,01/08/18 17:43:08
148,BIKE,41.378436,2.163324,Ronda Sant Pau,79,79,3,20,"70, 113, 388, 415",OPN,01/08/18 17:43:08
149,BIKE,41.395905,2.192958,Pujades,57B,11,23,3,"45, 48, 118, 409",OPN,01/08/18 17:43:08
150,BIKE,41.406549,2.203112,Espronceda,124,10,20,4,"144, 145, 154, 155",OPN,01/08/18 17:43:08
151,BIKE,41.40065,2.19719,Pallars,462,6,19,2,"152, 153, 211, 393, 428",OPN,01/08/18 17:43:08
152,BIKE,41.39925,2.197421,Pujades,121,11,24,0,"143, 149, 153, 393",OPN,01/08/18 17:43:08
153,BIKE,41.401778,2.200769,Pujades,173,10,2,20,"152, 154, 165, 393, 428",OPN,01/08/18 17:43:08
154,BIKE,41.402454,2.201656,Pujades,191,10,14,10,"141, 153, 165, 382",OPN,01/08/18 17:43:08
155,BIKE,41.406977,2.207602,Pujades,311,10,16,16,"150, 156, 162, 382",OPN,01/08/18 17:43:08
156,BIKE,41.409017,2.20881,Diagonal,46,5,17,8,"145, 155, 157, 159",OPN,01/08/18 17:43:08
157,BIKE,41.412947,2.217819,C/ LLULL - RBLA. PRIM,465,0,19,6,"35, 147, 158, 159, 160",OPN,01/08/18 17:43:08
158,BIKE,41.411741,2.218546,Rambla de Prim,19,1,9,15,"35, 156, 157, 159, 160",OPN,01/08/18 17:43:08
159,BIKE,41.410882,2.216703,Avda. Diagonal,26,5,1,28,"35, 156, 157, 158, 160",OPN,01/08/18 17:43:08
160,BIKE,41.411026,2.219377,Avda. d'Eduard Maristany,1,1,24,7,"35, 156, 157, 158, 159",OPN,01/08/18 17:43:08
161,BIKE,41.395009,2.196308,Ramon Turro,91,11,17,9,"49, 149, 163, 409",OPN,01/08/18 17:43:08
162,BIKE,41.403908,2.208436,Ramon Turro,292,0,9,17,"155, 166, 167, 168",OPN,01/08/18 17:43:08
163,BIKE,41.3942,2.20077,Avda. Icaria,202,11,3,22,"49, 117, 161, 172",OPN,01/08/18 17:43:08
164,BIKE,41.41194,2.178037,IndependĂ¨ncia,379,33,16,9,"20, 21, 177, 280",OPN,01/08/18 17:43:08
165,BIKE,41.399196,2.204253,Carrer del Doctor Trueta,221,0,3,18,"153, 154, 166, 173",OPN,01/08/18 17:43:08
166,BIKE,41.400533,2.206539,Bilbao,11,10,9,15,"162, 165, 173, 174",OPN,01/08/18 17:43:08
167,BIKE,41.402561,2.210538,Bac de Roda,11,0,15,5,"162, 166, 168, 176",OPN,01/08/18 17:43:08
168,BIKE,41.405358,2.213677,Selva de Mar,0,0,23,2,"162, 167, 176, 178",OPN,01/08/18 17:43:08
169,BIKE,41.389896,2.200055,Avda. Litoral,40,0,11,15,"11, 170, 172, 397",OPN,01/08/18 17:43:08
170,BIKE,41.389732,2.199934,Avda. Litoral,40,1,3,23,"117, 169, 172, 397",OPN,01/08/18 17:43:08
171,BIKE,41.391986,2.203699,Passeig MarĂ­tim de la Nova IcĂ ria,83,0,0,25,"163, 169, 170, 172",OPN,01/08/18 17:43:08
172,BIKE,41.391831,2.203436,Passeig MarĂ­tim de la Nova IcĂ ria,83,0,19,8,"163, 169, 170, 171",OPN,01/08/18 17:43:08
173,BIKE,41.398027,2.208982,Avda. Litoral,84,0,0,22,"166, 171, 174, 190",OPN,01/08/18 17:43:08
174,BIKE,41.40061,2.210461,Passeig de Garcia FĂ ria,21,0,16,8,"166, 173, 176, 178",OPN,01/08/18 17:43:08
175,BIKE,41.40666,2.20956,Llull / ProvenĂ§als,309,10,23,0,"155, 156, 162, 167",OPN,01/08/18 17:43:08
176,BIKE,41.402541,2.212641,Passeig de Garcia FĂ ria,37,0,21,3,"167, 168, 174, 178",OPN,01/08/18 17:43:08
177,BIKE,41.411089,2.181119,RossellĂ³,557,0,11,15,"20, 121, 164, 280",OPN,01/08/18 17:43:08
178,BIKE,41.405389,2.216212,Passeig de Garcia FĂ ria,85,0,22,2,"162, 166, 167, 168",OPN,01/08/18 17:43:08
179,BIKE,41.363511,2.13677,Pg. Zona Franca,244,48,15,3,"184, 351, 352, 404",OPN,01/08/18 17:43:08
180,BIKE,41.36778,2.13926,Gran Via,181,50,9,15,"179, 181, 182, 183",OPN,01/08/18 17:43:08
181,BIKE,41.36766,2.13911,Gran Via,180,50,5,18,"179, 180, 182, 183",OPN,01/08/18 17:43:08
182,BIKE,41.371455,2.143882,Gran Via,273,61,8,16,"96, 180, 183, 420",OPN,01/08/18 17:43:08
183,BIKE,41.372338,2.141875,GavĂ ,1,61,15,10,"181, 182, 185, 420",OPN,01/08/18 17:43:08
184,BIKE,41.367504,2.134088,Quetzal,22,50,8,16,"179, 180, 185, 404",OPN,01/08/18 17:43:08
185,BIKE,41.37046,2.138994,GavĂ ,81,50,6,11,"180, 181, 184, 404",OPN,01/08/18 17:43:08
186,BIKE,41.375571,2.143812,Consell de Cent,6,44,1,14,"95, 96, 210, 420",OPN,01/08/18 17:43:08
187,BIKE,41.376858,2.169811,Carrer de Sant Pau,89,24,10,6,"50, 54, 416, 427",OPN,01/08/18 17:43:08
188,BIKE,41.375471,2.135543,Pl. Sants (Ps. S. Antoni),0,45,1,25,"210, 313, 354, 421",OPN,01/08/18 17:43:08
189,BIKE,41.396918,2.166163,Bruc,130,50,19,8,"25, 27, 123, 224",OPN,01/08/18 17:43:08
190,BIKE,41.39606,2.207803,Avinguda Litoral,72,0,0,27,"165, 171, 172, 173",OPN,01/08/18 17:43:08
191,BIKE,41.382564,2.149094,Rocafort,167,44,17,9,"81, 87, 111, 384",OPN,01/08/18 17:43:08
192,BIKE,41.378629,2.133467,Joan GĂ¼ell,50,40,10,8,"188, 193, 194, 314",OPN,01/08/18 17:43:08
193,BIKE,41.381311,2.128912,Figols,1,46,24,1,"192, 194, 199, 312",OPN,01/08/18 17:43:08
194,BIKE,41.381013,2.132319,Joan GĂ¼ell,98,40,26,0,"192, 193, 196, 200",OPN,01/08/18 17:43:08
195,BIKE,41.381888,2.135433,Vallespir,130,45,21,4,"192, 194, 196, 367",OPN,01/08/18 17:43:08
196,BIKE,41.383241,2.139363,BerlĂ­n,38,30,22,0,"197, 201",OPN,01/08/18 17:43:08
197,BIKE,41.387295,2.141539,Gelabert,1,57,23,1,"75, 196, 201, 367",OPN,01/08/18 17:43:08
198,BIKE,41.384426,2.133682,Vallespir,194,58,24,0,"196, 200, 201, 205",OPN,01/08/18 17:43:08
199,BIKE,41.38182,2.126933,MejĂ­a Lequerica,2,46,22,4,"193, 200, 202, 312",OPN,01/08/18 17:43:08
200,BIKE,41.383756,2.131273,Can bruixa,1,60,21,1,"193, 194, 196, 198",OPN,01/08/18 17:43:08
201,BIKE,41.387787,2.134341,NumĂ ncia,136,58,29,2,"198, 206, 207, 208",OPN,01/08/18 17:43:08
202,BIKE,41.385331,2.128737,Carrer de les Corts,20,60,27,0,"199, 200, 203, 205",OPN,01/08/18 17:43:08
203,BIKE,41.388742,2.128503,Avda. Diagonal,664,60,31,2,"204, 205, 212, 284",OPN,01/08/18 17:43:08
204,BIKE,41.388011,2.125593,Avda. Diagonal,668,60,9,22,"202, 203, 205, 212",OPN,01/08/18 17:43:08
205,BIKE,41.387465,2.130838,Europa,25,60,21,9,"198, 202, 203, 284",OPN,01/08/18 17:43:08
206,BIKE,41.389845,2.13284,Avda. Diagonal,650,60,28,1,"201, 207, 208, 284",OPN,01/08/18 17:43:08
207,BIKE,41.390828,2.136665,Avda. Diagonal,634,57,20,0,"201, 204, 206, 208",OPN,01/08/18 17:43:08
208,BIKE,41.391451,2.139116,Avda. Diagonal,630,57,12,20,"201, 206, 207, 366",OPN,01/08/18 17:43:08
209,BIKE,41.385755,2.161004,DiputaciĂ³,200,41,27,0,"71, 78, 84, 261",OPN,01/08/18 17:43:08
210,BIKE,41.37453,2.142356,Vilardell,18,50,16,10,"183, 185, 186, 421",OPN,01/08/18 17:43:08
211,BIKE,41.398848,2.190291,Sancho de Ăvila,60,18,11,21,"16, 44, 48, 142",OPN,01/08/18 17:43:08
212,BIKE,41.39239,2.130945,Av. SarriĂ ,163,82,26,0,"203, 206, 284, 325",OPN,01/08/18 17:43:08
213,BIKE,41.393783,2.135078,Sant Fe de Nou MĂ¨xic,2,79,29,3,"207, 208, 214, 215",OPN,01/08/18 17:43:08
214,BIKE,41.395251,2.133541,JosĂ© de AgullĂ³,19,85,14,4,"207, 208, 212, 213",OPN,01/08/18 17:43:08
215,BIKE,41.39412,2.138146,Carrer de Ganduxer,29,79,12,5,"102, 213, 214, 324",OPN,01/08/18 17:43:08
216,BIKE,41.396809,2.144534,Madrazo,131,69,26,0,"101, 217, 219, 319",OPN,01/08/18 17:43:08
217,BIKE,41.398463,2.143924,Rector Ubach,24,69,21,5,"102, 216, 219, 319",OPN,01/08/18 17:43:08
218,BIKE,41.404114,2.183203,Consell de Cent,566,28,0,26,"30, 43, 369, 371",OPN,01/08/18 17:43:08
219,BIKE,41.397812,2.147585,Carre Laforja,74,69,25,1,"107, 216, 217, 220",OPN,01/08/18 17:43:08
220,BIKE,41.396229,2.151482,Tuset,19,59,24,0,"68, 88, 107, 219",OPN,01/08/18 17:43:08
221,BIKE,41.402535,2.152519,Gran de GrĂ cia,155,71,23,0,"107, 222, 229, 230",OPN,01/08/18 17:43:08
222,BIKE,41.40124,2.157483,Carrer del CanĂ³,1,71,27,0,"107, 221, 226, 229",OPN,01/08/18 17:43:08
223,BIKE,41.398311,2.159865,Carrer de Bonavista,14,50,28,3,"68, 224, 225, 374",OPN,01/08/18 17:43:08
224,BIKE,41.399945,2.164389,Girona,176,55,21,0,"27, 108, 123, 189",OPN,01/08/18 17:43:08
225,BIKE,41.38482,2.15057,Mallorca,84,44,23,4,"83, 87, 89, 191",OPN,01/08/18 17:43:08
226,BIKE,41.403465,2.161096,Montmany,1,59,20,5,"106, 108, 122, 231",OPN,01/08/18 17:43:08
227,BIKE,41.407837,2.158678,Torrent de Les Flors,102,59,24,0,"106, 228, 231",OPN,01/08/18 17:43:08
228,BIKE,41.40694,2.155794,Pl. Del Nord,5,71,20,0,"106, 227, 229, 230",OPN,01/08/18 17:43:08
229,BIKE,41.405107,2.156874,Carrer de la Santacreu,2,71,19,9,"106, 226, 227, 228",OPN,01/08/18 17:43:08
230,BIKE,41.405986,2.151633,C. De Nil Fabra,16,71,17,6,"221, 222, 228, 229",OPN,01/08/18 17:43:08
231,BIKE,41.407202,2.163476,Pi i Margall,38,82,21,0,"106, 122, 227, 276",OPN,01/08/18 17:43:08
232,BIKE,41.373509,2.171002,VilĂ  i VilĂ ,45,1,16,11,"50, 233, 234, 427",OPN,01/08/18 17:43:08
233,BIKE,41.371965,2.166871,Nou de la Rambla,164,1,18,8,"50, 232, 234, 427",OPN,01/08/18 17:43:08
234,BIKE,41.371515,2.162166,Passeig de l'ExposiciĂ³,30,44,12,11,"85, 233, 235, 236",OPN,01/08/18 17:43:08
235,BIKE,41.375065,2.165839,Paral.lel,98,40,7,18,"85, 129, 234, 236",OPN,01/08/18 17:43:08
236,BIKE,41.375127,2.152769,Avinguda Paral.lel,194,47,21,1,"85, 94, 235, 237",OPN,01/08/18 17:43:08
237,BIKE,41.372891,2.154471,Rius i Taulet,4,67,21,4,"85, 93, 234, 236",OPN,01/08/18 17:43:08
238,BIKE,41.415684,2.190986,Espronceda,298,17,5,20,"127, 240, 248, 289",OPN,01/08/18 17:43:08
239,BIKE,41.417323,2.184534,IndĂºstria,329,18,15,10,"240, 241, 248, 315",OPN,01/08/18 17:43:08
240,BIKE,41.417763,2.187558,Josep Estivill,32,18,10,15,"128, 238, 248, 289",OPN,01/08/18 17:43:08
241,BIKE,41.419337,2.180482,Teodor Llorente,2,40,27,3,"239, 240, 248, 315",OPN,01/08/18 17:43:08
242,BIKE,41.424451,2.177284,Ramon AlbĂ³,1,37,20,4,"241, 243, 244, 291",OPN,01/08/18 17:43:08
243,BIKE,41.423939,2.181298,Alenxadre GalĂ­,1,37,18,5,"241, 242, 244, 247",OPN,01/08/18 17:43:08
244,BIKE,41.426896,2.178511,Felip II,214,47,12,12,"242, 243, 251, 300",OPN,01/08/18 17:43:08
246,BIKE,41.422844,2.186637,Garcilaso,77,18,8,9,"247, 249, 250, 251",OPN,01/08/18 17:43:08
247,BIKE,41.421992,2.184806,Felipe II,112,19,9,15,"241, 243, 246, 251",OPN,01/08/18 17:43:08
248,BIKE,41.418208,2.190374,PalĂ¨ncia,31,18,3,22,"128, 238, 240, 423",OPN,01/08/18 17:43:08
249,BIKE,41.425216,2.188997,AĂ§ores,1,18,11,15,"246, 250, 251, 391",OPN,01/08/18 17:43:08
250,BIKE,41.425905,2.19115,Portugal,3,24,12,11,"249, 252, 253, 254",OPN,01/08/18 17:43:08
251,BIKE,41.425405,2.185226,Cardenal Tedeschini,13,27,26,4,"243, 246, 247, 249",OPN,01/08/18 17:43:08
252,BIKE,41.429953,2.193185,Rambla Onze de Setembre,31,18,29,1,"249, 250, 254, 391",OPN,01/08/18 17:43:08
253,BIKE,41.429977,2.191821,Onze de Setembre,37,18,20,5,"250, 252, 254",OPN,01/08/18 17:43:08
254,BIKE,41.429985,2.190163,Gran de Sant Andreu,69,25,19,5,"250, 252, 253, 255",OPN,01/08/18 17:43:08
255,BIKE,41.431183,2.185852,Irlanda,11,27,20,2,"253, 254, 274",OPN,01/08/18 17:43:08
256,BIKE,41.435998,2.189524,Malats,28,25,12,13,"255, 259, 285",OPN,01/08/18 17:43:08
257,BIKE,41.433897,2.189614,Sant AdriĂ ,2,25,27,0,"253, 254, 255, 256",CLS,01/08/18 17:43:08
258,BIKE,41.442167,2.193032,Fernando Pessoa,41,15,9,14,"256, 259, 263",OPN,01/08/18 17:43:08
259,BIKE,41.439109,2.185818,Carrer de Bartrina,14,25,10,16,"256, 258, 267",OPN,01/08/18 17:43:08
260,BIKE,41.43618,2.192952,PlaĂ§a de l'EstaciĂ³,6,19,4,22,"256, 263, 264",OPN,01/08/18 17:43:08
261,BIKE,41.382206,2.160644,Villarroel,39,35,14,12,"70, 71, 84, 90",OPN,01/08/18 17:43:08
262,BIKE,41.379821,2.152496,Rocafort,103,40,15,15,"81, 82, 111, 191",OPN,01/08/18 17:43:08
263,BIKE,41.437814,2.191039,Pg.Torras i Bages,29,27,5,12,"256, 260, 264",OPN,01/08/18 17:43:08
264,BIKE,41.439949,2.197033,RepĂºblica Dominicana,25,19,10,21,"263, 267, 268, 344",OPN,01/08/18 17:43:08
265,BIKE,41.385397,2.158743,Casanovas,67,40,13,5,"80, 84, 110, 209",OPN,01/08/18 17:43:08
266,BIKE,41.426841,2.184238,ConcepciĂ³ Arenal,176,37,22,2,"263, 264, 268, 344",OPN,01/08/18 17:43:08
267,BIKE,41.443395,2.190623,Passeig Torras i Bages,129,24,11,14,"258, 263, 264, 268",OPN,01/08/18 17:43:08
268,BIKE,41.445705,2.192892,Fernando Pessoa,72,23,16,8,"263, 264, 267, 271",OPN,01/08/18 17:43:08
269,BIKE,41.448128,2.192826,Via Barcino,121,23,9,18,"264, 268, 270, 271",OPN,01/08/18 17:43:08
270,BIKE,41.448628,2.18976,Crta. de Ribes (Trinitat Vella),77,24,24,3,"267, 268, 269, 271",OPN,01/08/18 17:43:08
271,BIKE,41.450634,2.192335,Via Barcino,69,18,1,19,"267, 268, 269, 270",OPN,01/08/18 17:43:08
272,BIKE,41.432552,2.18429,ConcepciĂ³ Arenal,281,27,1,25,"255, 273, 274, 298",OPN,01/08/18 17:43:08
273,BIKE,41.430404,2.183382,Avda. Meridiana,404,27,34,1,"255, 272, 274, 275",OPN,01/08/18 17:43:08
274,BIKE,41.430071,2.18473,Rambla Fabra i Puig,67,27,7,24,"254, 255, 272, 273",OPN,01/08/18 17:43:08
275,BIKE,41.430693,2.182225,Rio de Janeiro,3,27,29,4,"272, 273, 274, 298",OPN,01/08/18 17:43:08
276,BIKE,41.412163,2.165275,PlaĂ§a Alfons X el Savi / Ronda del GuinardĂ³,NA,87,21,4,"231, 277, 278, 318",OPN,01/08/18 17:43:08
277,BIKE,41.408284,2.16905,Travessera de GrĂ cia,328,59,6,19,"28, 122, 123, 231",OPN,01/08/18 17:43:08
278,BIKE,41.409815,2.171621,Travessera de GrĂ cia,368,55,23,1,"20, 21, 28, 277",OPN,01/08/18 17:43:08
279,BIKE,41.415951,2.174564,Mas Casanovas,137,70,3,22,"278, 280, 281, 318",OPN,01/08/18 17:43:08
280,BIKE,41.413986,2.177842,Sant Antoni MÂª Claret,290,37,11,12,"20, 21, 164, 239",OPN,01/08/18 17:43:08
281,BIKE,41.418088,2.176313,Escornalbou,51,45,22,0,"241, 242, 243, 279",OPN,01/08/18 17:43:08
282,BIKE,41.427561,2.166022,Font d'en Fargas,1,88,25,0,"291, 292, 293, 295",OPN,01/08/18 17:43:08
283,BIKE,41.42968,2.16157,Carrer Fulton,1,88,20,0,"282, 291, 292, 293",OPN,01/08/18 17:43:08
284,BIKE,41.389503,2.131454,Ada. Diagonal,652,60,25,0,"203, 205, 206, 212",OPN,01/08/18 17:43:08
285,BIKE,41.436708,2.186059,Malats,98,25,17,6,"256, 259, 272",OPN,01/08/18 17:43:08
286,BIKE,41.403103,2.191428,BolĂ­via,76,18,19,0,"42, 44, 142, 143",OPN,01/08/18 17:43:08
287,BIKE,41.389171,2.168113,Gran Via,632,32,10,1,"61, 64, 66, 406",OPN,01/08/18 17:43:08
288,BIKE,41.429636,2.174487,Pl. Virrei Amat,NA,63,19,9,"244, 291, 292, 293",OPN,01/08/18 17:43:08
289,BIKE,41.416828,2.191022,MĂºrcia,64,18,3,23,"127, 238, 240, 248",OPN,01/08/18 17:43:08
290,BIKE,41.437094,2.174047,PlaĂ§a dels Jardins d'AlfĂ bia,1,61,25,1,"294, 295, 299, 301",OPN,01/08/18 17:43:08
291,BIKE,41.425897,2.17505,Cubelles,2,55,17,7,"242, 244, 282, 292",OPN,01/08/18 17:43:08
292,BIKE,41.430036,2.171974,Amilcar,1,63,24,1,"282, 291, 293, 300",OPN,01/08/18 17:43:08
293,BIKE,41.428388,2.163101,Granollers,1,95,12,11,"282, 291, 292, 295",OPN,01/08/18 17:43:08
294,BIKE,41.436373,2.170678,Seu del Districte (Nou Barris),NA,61,17,8,"290, 295, 299, 301",OPN,01/08/18 17:43:08
295,BIKE,41.43345,2.1715,Sant Iscle,60,61,14,10,"282, 292, 294, 301",OPN,01/08/18 17:43:08
296,BIKE,41.436505,2.183877,Carrer de RossellĂ³ i Porcel,1,25,15,16,"259, 272, 285, 298",OPN,01/08/18 17:43:08
297,BIKE,41.438864,2.176822,Carrer TurĂ³ Blau,1,45,9,13,"290, 296, 298, 299",OPN,01/08/18 17:43:08
298,BIKE,41.43463,2.181747,Andreu Nin,22,45,11,19,"275, 296, 300",OPN,01/08/18 17:43:08
299,BIKE,41.433965,2.175199,Carrer de l'Escultor OrdĂ³Ă±ez,55,45,3,22,"294, 295, 297, 301",OPN,01/08/18 17:43:08
300,BIKE,41.431593,2.176909,Carrer de Maladeta,1,47,2,15,"275, 298, 299, 301",OPN,01/08/18 17:43:08
301,BIKE,41.437053,2.169644,Marie Curie,8,61,9,16,"290, 294, 295, 299",OPN,01/08/18 17:43:08
302,BIKE,41.39065,2.111615,Cavallers,41,73,27,0,"303, 304, 335, 336",OPN,01/08/18 17:43:08
303,BIKE,41.393341,2.115076,Cavallers,67,101,19,6,"302, 304, 335, 336",OPN,01/08/18 17:43:08
304,BIKE,41.390208,2.121029,Manuel Girona,7,63,28,2,"203, 204, 305, 335",OPN,01/08/18 17:43:08
305,BIKE,41.387498,2.123637,Diagonal,680,63,25,0,"203, 204, 305, 306",OPN,01/08/18 17:43:08
306,BIKE,41.385465,2.122912,Doctor Salvador Cardenal,7,63,25,1,"199, 204, 305, 310",OPN,01/08/18 17:43:08
307,BIKE,41.379135,2.113505,Pintor Ribalta,NA,50,28,2,"308, 309, 310, 311",OPN,01/08/18 17:43:08
308,BIKE,41.376788,2.113864,Cardenal Reig,11,50,23,0,"307, 309, 310, 311",OPN,01/08/18 17:43:08
309,BIKE,41.37674,2.116973,Sant RamĂ³n Nonat,26,47,25,2,"307, 308, 310, 311",OPN,01/08/18 17:43:08
310,BIKE,41.381223,2.119077,Josep Samitier,NA,47,22,4,"306, 307, 309, 311",OPN,01/08/18 17:43:08
311,BIKE,41.378638,2.120393,Gallego-ArĂ­stides Maillol,2,52,12,10,"307, 308, 309, 310",OPN,01/08/18 17:43:08
312,BIKE,41.379046,2.123253,Arizala,77,50,28,4,"193, 199, 311, 353",OPN,01/08/18 17:43:08
313,BIKE,41.375366,2.129847,Feliu de Casanova,1,42,21,4,"185, 188, 314, 354",OPN,01/08/18 17:43:08
314,BIKE,41.37836,2.129737,Rambla del Brasil,44,46,17,8,"192, 193, 313, 354",OPN,01/08/18 17:43:08
315,BIKE,41.415617,2.181966,GuinardĂ³,32,33,5,21,"177, 239, 241, 280",OPN,01/08/18 17:43:08
316,BIKE,41.422212,2.198316,CantĂ bria,55,13,17,8,"128, 130, 131, 317",OPN,01/08/18 17:43:08
317,BIKE,41.425566,2.200693,Rambla Prim,256,12,10,17,"130, 131, 316, 391",OPN,01/08/18 17:43:08
318,BIKE,41.413406,2.171331,Cartagena,83,59,17,8,"21, 276, 278, 279",OPN,01/08/18 17:43:08
319,BIKE,41.393713,2.145584,SaguĂ¨s,1,65,32,0,"101, 102, 216, 219",OPN,01/08/18 17:43:08
320,BIKE,41.401118,2.147989,VĂ­a Augusta,21,80,25,0,"217, 221, 230, 321",OPN,01/08/18 17:43:08
321,BIKE,41.403054,2.144549,Carrer de Sant Hermenegild,30,80,23,1,"217, 230, 322, 326",OPN,01/08/18 17:43:08
322,BIKE,41.400977,2.13907,SantalĂ³,165,106,14,12,"217, 323, 324, 328",OPN,01/08/18 17:43:08
323,BIKE,41.397996,2.138717,Vallmajor,13,79,1,22,"214, 215, 217, 324",OPN,01/08/18 17:43:08
324,BIKE,41.396938,2.136258,Reina Victoria,31,79,24,3,"214, 215, 322, 323",OPN,01/08/18 17:43:08
325,BIKE,41.39493,2.130325,Alt de Gironella,13,82,17,6,"212, 214, 331, 333",OPN,01/08/18 17:43:08
326,BIKE,41.407384,2.1383,Balmes,409,110,16,15,"321, 327, 328, 330",OPN,01/08/18 17:43:08
327,BIKE,41405,2.13453,Reus,23,106,21,0,"321, 322, 326, 328",OPN,01/08/18 17:43:08
328,BIKE,41.40293,2.13427,Artesa de Segre,2,106,22,4,"321, 322, 327, 329",OPN,01/08/18 17:43:08
329,BIKE,41.402879,2.128541,Carrer de les Escoles Pies,99,130,25,0,"327, 328, 330, 332",OPN,01/08/18 17:43:08
330,BIKE,41.400587,2.130658,Doctor Carulla,44,130,19,5,"328, 329, 331, 332",OPN,01/08/18 17:43:08
331,BIKE,41.39706,2.12801,Castellnou,65,82,16,15,"325, 332, 333, 335",OPN,01/08/18 17:43:08
332,BIKE,41.399822,2.12809,Doctor Roux,86,82,17,0,"329, 330, 331, 333",OPN,01/08/18 17:43:08
333,BIKE,41.395632,2.125106,Passatge de Senillosa,3,82,18,9,"325, 331, 335, 336",OPN,01/08/18 17:43:08
334,BIKE,41.400722,2.123268,Via Augusta,348,138,22,4,"331, 332, 337, 338",OPN,01/08/18 17:43:08
335,BIKE,41.393639,2.123224,Santa AmĂ¨lia,2,96,10,15,"212, 304, 333, 336",OPN,01/08/18 17:43:08
336,BIKE,41.395274,2.120973,Caponata,10,96,25,1,"333, 335, 337, 338",OPN,01/08/18 17:43:08
337,BIKE,41.398719,2.120422,Carme Karr,12,96,13,10,"333, 334, 336, 338",OPN,01/08/18 17:43:08
338,BIKE,41.397572,2.119506,Avinguda de J.Foix,63,96,13,19,"333, 334, 336, 337",OPN,01/08/18 17:43:08
339,BIKE,41.401662,2.205277,Ramon TurrĂ³,246,9,3,20,"153, 154, 165, 382",OPN,01/08/18 17:43:08
340,BIKE,41.436145,2.204634,Sant AdriĂ ,113,28,1,23,"264, 341, 343, 344",OPN,01/08/18 17:43:08
341,BIKE,41.434191,2.205886,Passeig Enric SanchĂ­s,33,28,8,16,"264, 340, 343, 344",OPN,01/08/18 17:43:08
342,BIKE,41.403502,2.193702,Roc Boronat,134,18,20,5,"142, 152, 153, 393, 428",OPN,01/08/18 17:43:08
343,BIKE,41.438886,2.199598,Campana de la Maquinista,NA,19,17,9,"260, 264, 340, 344",OPN,01/08/18 17:43:08
344,BIKE,41.443127,2.199538,Ciutat d'AsunciĂ³n,73,23,3,19,"260, 263, 264, 343",OPN,01/08/18 17:43:08
345,BIKE,41.363093,2.139771,Pl. Teresa de Claramunt,NA,48,2,29,"179, 180, 346, 351",OPN,01/08/18 17:43:08
346,BIKE,41.360654,2.139132,Carrer de la Foneria,33,48,0,30,"345, 347, 348, 349",OPN,01/08/18 17:43:08
347,BIKE,41.359496,2.14182,Alts Forns,77,35,12,19,"345, 346, 348, 349",OPN,01/08/18 17:43:08
348,BIKE,41.357067,2.141563,Jardins de Can Ferrero,NA,13,11,15,"345, 346, 347, 349",OPN,01/08/18 17:43:08
349,BIKE,41.357338,2.137172,Carrer de l'Energia,2,13,16,16,"345, 347, 348, 351",OPN,01/08/18 17:43:08
350,BIKE,41.391833,2.14812,Villarroel,208,69,9,22,"88, 90, 101, 109",OPN,01/08/18 17:43:08
351,BIKE,41.362135,2.135637,Jane Addams,26,48,29,1,"179, 345, 352, 404",OPN,01/08/18 17:43:08
352,BIKE,41.36335,2.134144,Radi,10,48,30,0,"179, 346, 351, 404",OPN,01/08/18 17:43:08
353,BIKE,41.375414,2.123191,MunnĂ©,6,47,23,1,"309, 311, 314, 354",OPN,01/08/18 17:43:08
354,BIKE,41.37592,2.13008,Rambla del Brasil,5,46,1,25,"188, 312, 313, 314",OPN,01/08/18 17:43:08
355,BIKE,41.37211,2.12859,Carreras i Candi,89,39,1,22,"184, 313, 353, 354",OPN,01/08/18 17:43:08
356,BIKE,41.413425,2.163411,CamĂ¨lies,73,115,24,1,"227, 231, 276",OPN,01/08/18 17:43:08
357,BIKE,41.410538,2.1581,Cardener,82,104,27,0,"227, 228, 231, 356",CLS,01/08/18 17:43:08
358,BIKE,41.387225,2.17927,Gombau,24,16,4,22,"34, 35, 36, 390",OPN,01/08/18 17:43:08
359,BIKE,41.390021,2.177572,MĂ©ndez NĂºĂ±ez,16,16,14,9,"5, 358, 362, 363",OPN,01/08/18 17:43:08
360,BIKE,41.395213,2.172984,BailĂ©n,62,42,17,9,"15, 23, 362, 413",OPN,01/08/18 17:43:08
361,BIKE,41.376292,2.178553,Passeig de Colom,NA,5,27,3,"56, 57, 376, 410",OPN,01/08/18 17:43:08
362,BIKE,41.397006,2.17057,BailĂ©n,100,42,9,20,"15, 22, 123, 360",OPN,01/08/18 17:43:08
363,BIKE,41.39076,2.1744,Bruc,20,32,17,10,"23, 34, 105, 359, 412",OPN,01/08/18 17:43:08
364,BIKE,41.39324,2.16343,Passeig de GrĂ cia,61,50,28,3,"60, 72, 92, 374",OPN,01/08/18 17:43:08
365,BIKE,41.387499,2.14702,Viladomat,244,51,29,0,"67, 75, 89, 109",OPN,01/08/18 17:43:08
366,BIKE,41.393037,2.14358,Pau Casals,1,69,23,2,"74, 101, 102, 208",OPN,01/08/18 17:43:08
367,BIKE,41.385057,2.137331,Sentmenat,39,57,26,1,"75, 196, 197, 201",OPN,01/08/18 17:43:08
368,BIKE,41.396815,2.175714,DiputaciĂ³,350,21,14,11,"1, 360, 362, 387",OPN,01/08/18 17:43:08
369,BIKE,41.400168,2.177948,Consell de Cent,482,28,10,15,"1, 22, 24, 30",OPN,01/08/18 17:43:08
370,BIKE,41.403735,2.172987,Sardenya,234,49,17,12,"18, 19, 22, 120",OPN,01/08/18 17:43:08
371,BIKE,41.404027,2.181264,Carrer dels Enamorats,49,28,11,21,"26, 30, 218, 369",OPN,01/08/18 17:43:08
372,BIKE,41.400167,2.184362,Ribes,77,18,13,12,"1, 16, 119, 426",OPN,01/08/18 17:43:08
373,BIKE,41.375073,2.161305,Av. Paral.lel,132,35,17,18,"85, 86, 113, 235",OPN,01/08/18 17:43:08
374,BIKE,41395,2.16123,Passeig de GrĂ cia,89,50,5,24,"27, 68, 72, 92",OPN,01/08/18 17:43:08
375,BIKE,41.372154,2.180701,World Trade Center,NA,1,20,4,"56, 57, 114, 376, 410",OPN,01/08/18 17:43:08
376,BIKE,41.371663,2.180302,World Trade Center,NA,1,9,14,"56, 57, 361, 375, 378",OPN,01/08/18 17:43:08
377,BIKE,41.37747,2.183737,Pl. IctĂ­neo,NA,1,18,12,"37, 38, 126, 402",OPN,01/08/18 17:43:08
378,BIKE,41.378516,2.176716,Pl.Joaquim Xira i Palau,1,5,5,12,"56, 57, 114, 425",OPN,01/08/18 17:43:08
379,BIKE,41.381709,2.177308,Pl. Sant Miquel,4,5,9,7,"37, 55, 378, 401",OPN,01/08/18 17:43:08
380,BIKE,41.385463,2.174252,Duran i Bas,2,32,18,3,"34, 36, 53, 395",OPN,01/08/18 17:43:08
381,BIKE,41.381607,2.167667,AgustĂ­ Duran i Sanpere,10,24,23,7,"51, 59, 388, 415",OPN,01/08/18 17:43:08
382,BIKE,41.403938,2.204188,Lope de Vega,79,10,22,5,"150, 154, 155, 162",OPN,01/08/18 17:43:08
384,BIKE,41.380708,2.146793,VilamarĂ­,85,44,25,0,"81, 87, 100, 191",OPN,01/08/18 17:43:08
385,BIKE,41.387978,2.155266,Casanova,119,45,28,0,"76, 89, 90, 110",OPN,01/08/18 17:43:08
386,BIKE,41.375086,2.156848,Av.Paral.lel,164,40,0,23,"85, 112, 236, 237",OPN,01/08/18 17:43:08
387,BIKE,41.395796,2.178784,NĂ pols,125,21,1,24,"1, 3, 119, 414",OPN,01/08/18 17:43:08
388,BIKE,41.380593,2.167418,Riera Alta,6,24,10,9,"54, 58, 148, 381",OPN,01/08/18 17:43:08
389,BIKE,41.38739,2.1875,Recinte Parc de la Ciutadella,NA,11,23,1,"6, 14, 47, 118",OPN,01/08/18 17:43:08
390,BIKE,41.386955,2.18195,ComerĂ§,36,16,20,6,"7, 9, 389",OPN,01/08/18 17:43:08
391,BIKE,41.422873,2.191204,Sagrera,74,18,4,21,"238, 248, 289, 423",OPN,01/08/18 17:43:08
392,BIKE,41.390595,2.190681,Ramon TurrĂ³,4,11,15,4,"45, 47, 118, 409",OPN,01/08/18 17:43:08
393,BIKE,41.402177,2.197653,Llacuna,86,16,23,7,"142, 152, 153, 428",OPN,01/08/18 17:43:08
394,BIKE,41.38733,2.16305,DiputaciĂ³,226,41,26,0,"79, 80, 209",OPN,01/08/18 17:43:08
395,BIKE,41.386009,2.170212,Pl. Catalunya,22,32,11,20,"62, 63, 64, 65",OPN,01/08/18 17:43:08
396,BIKE,41.389028,2.196844,Joan MirĂ³,2,1,26,7,"49, 117, 397, 407",OPN,01/08/18 17:43:08
397,BIKE,41.388894,2.199334,Av. Del Litoral,24,1,1,24,"69, 117, 170, 172",OPN,01/08/18 17:43:08
398,BIKE,41.381011,2.193502,Passeig MarĂ­tim de la Barceloneta,NA,0,18,5,"11, 12, 124, 424",OPN,01/08/18 17:43:08
400,BIKE,41.36958,2.188017,Moll Oriental,NA,5,23,2,"31, 32, 33, 41, 124",OPN,01/08/18 17:43:08
401,BIKE,41.381241,2.181838,Pl. Antonio LĂ³pez (Via Laietana) annexa a la 37,NA,5,2,20,"37, 115, 126, 402",OPN,01/08/18 17:43:08
402,BIKE,41.380565,2.182119,Passeig de Colom,NA,5,7,16,"37, 38, 377, 401",OPN,01/08/18 17:43:08
404,BIKE,41.365374,2.133087,Juan Gris,28,16,25,1,"179, 180, 184, 352",OPN,01/08/18 17:43:08
405,BIKE,41.38551,2152,Comte Borrell,198,45,27,0,"83, 87, 110, 225",OPN,01/08/18 17:43:08
406,BIKE,41.386512,2.164597,Gran Via de Les Corts Catalanes,592,41,20,12,"62, 78, 79, 287",OPN,01/08/18 17:43:08
407,BIKE,41.388471,2.192835,Ramon Trias Fargas,19,1,13,12,"46, 47, 69, 392",OPN,01/08/18 17:43:08
408,BIKE,41.388609,2.19231,"Villena, 11",11,1,15,18,"46, 47, 392, 409",OPN,01/08/18 17:43:08
409,BIKE,41.392358,2.192478,Joan d'Ă€ustria,31 B,11,6,11,"45, 47, 149, 392",OPN,01/08/18 17:43:08
410,BIKE,41.376433,2.17871,"Passeig de Colom, s/n",NA,5,30,1,"56, 57, 361, 375",OPN,01/08/18 17:43:08
412,BIKE,41.389012,2.172667,Pl. Urquinaona,3,32,19,6,"34, 64, 65, 105, 363",OPN,01/08/18 17:43:08
413,BIKE,41.393512,2.170718,Bruc,66,42,21,5,"15, 23, 25, 360",OPN,01/08/18 17:43:08
414,BIKE,41.393744,2.176451,Casp,67,21,23,5,"23, 360, 363, 387",OPN,01/08/18 17:43:08
415,BIKE,41.379374,2.168921,Rambla del Raval,13,24,6,19,"54, 187, 388, 416",OPN,01/08/18 17:43:08
416,BIKE,41.378134,2.16965,Rambla del Raval,20,24,9,16,"54, 187, 388, 415",OPN,01/08/18 17:43:08
418,BIKE,41.390943,2.180251,Passeig de LluĂ­s Companys,NA,16,16,8,"6, 7, 359, 419",OPN,01/08/18 17:43:08
419,BIKE,41.391299,2.180828,Passeig de LluĂ­s Companys,NA,16,18,13,"4, 6, 8, 418",OPN,01/08/18 17:43:08
420,BIKE,41.374213,2.148082,Gran Via,361,61,24,1,"93, 94, 95, 96",OPN,01/08/18 17:43:08
421,BIKE,41.377845,2.13923,PlaĂ§a de Joan PeirĂ³,NA,45,4,25,"98, 100, 188, 210",OPN,01/08/18 17:43:08
423,BIKE,41.420201,2.189532,Carrer d'Hondures,32,18,1,26,"240, 248, 289, 391",OPN,01/08/18 17:43:08
424,BIKE,41.379632,2.192662,"Passeig MarĂ­tim de la Barceloneta, devant del 5-7",5,0,12,13,"11, 41, 124, 398",OPN,01/08/18 17:43:08
425,BIKE,41.37652,2.1749,Carrer de CervellĂ³,5,24,19,6,"50, 56, 57, 114",OPN,01/08/18 17:43:08
426,BIKE,41.398305,2.183023,Carrer de Ribes,59,21,21,9,"1, 24, 119, 372",OPN,01/08/18 17:43:08
427,BIKE,41.375336,2.168007,Carrer de Sant Pau,119,24,14,6,"50, 148, 187, 232",OPN,01/08/18 17:43:08
428,BIKE,41.398389,2.196261,Carrer Pujades,103,11,26,1,"142, 149, 153, 161",OPN,01/08/18 17:43:08
451,BIKE-ELECTRIC,41.37445,2.159668,(PK) C/ JAUME FABRA,12,35,11,1,453,OPN,01/08/18 17:43:08
452,BIKE-ELECTRIC,41.398747,2.186289,(PK) C/ PADILLA,159,18,6,4,"459, 476",OPN,01/08/18 17:43:08
453,BIKE-ELECTRIC,41.379563,2.16204,(PK) C/ URGELL,14,35,9,1,"451, 480",OPN,01/08/18 17:43:08
454,BIKE-ELECTRIC,41.402448,2.204131,(PK) C/ BILBAO,24,18,3,9,469,OPN,01/08/18 17:43:08
455,BIKE-ELECTRIC,41.388966,2.19917,(PK) AV. DEL LITORAL,34,1,5,5,"467, 479",OPN,01/08/18 17:43:08
456,BIKE-ELECTRIC,41.389853,2.128581,(PK) C/ DE FLOS I CALCAT,2,60,6,6,"458, 470",OPN,01/08/18 17:43:08
457,BIKE-ELECTRIC,41.401519,2.134235,(PK) C/ DE JOSEP BALARĂ,2,106,4,8,"465, 470",OPN,01/08/18 17:43:08
458,BIKE-ELECTRIC,41.384344,2.122085,(PK) AV. JOAN XXIII,23-25,60,4,8,"456, 471",OPN,01/08/18 17:43:08
459,BIKE-ELECTRIC,41.393941,2.181443,(PK) C/ D'ALĂ BEI,54,21,6,6,"452, 492",OPN,01/08/18 17:43:08
460,BIKE-ELECTRIC,41.385702,2.177316,(PK) AV. FRANCESC CAMBĂ“,10,16,10,2,"485, 493",OPN,01/08/18 17:43:08
461,BIKE-ELECTRIC,41.384111,2.14274,(PK) AV. JOSEP TARRADELLAS,46,51,3,9,"452, 481",OPN,01/08/18 17:43:08
462,BIKE-ELECTRIC,41.390125,2.143221,(PK) AV. JOSEP TARRADELLAS,139,51,7,3,"461, 487",OPN,01/08/18 17:43:08
463,BIKE-ELECTRIC,41.375244,2.169795,(PK) C/ DE LÂ´ABAT SAFONT,2,1,6,4,"453, 480",OPN,01/08/18 17:43:08
464,BIKE-ELECTRIC,41.427727,2.177205,"(PK) C/ DE RAMON ALBĂ“, 77s",77,42,11,1,"468, 488",OPN,01/08/18 17:43:08
465,BIKE-ELECTRIC,41.40542,2.142456,(PK) RDA. DEL GENERAL MITRE,203,76,5,7,"457, 472",OPN,01/08/18 17:43:08
466,BIKE-ELECTRIC,41.415745,2.180684,(PK) PG. MARAGALL,54,33,7,5,"475, 488",OPN,01/08/18 17:43:08
467,BIKE-ELECTRIC,41.38582,2.194135,(PK) C/ DEL DR. AIGUADER,86-88,1,9,3,"455, 479",OPN,01/08/18 17:43:08
468,BIKE-ELECTRIC,41.430201,2.187974,(PK) C/ DE LES MONGES,2,27,9,3,"464, 488",OPN,01/08/18 17:43:08
469,BIKE-ELECTRIC,41.404362,2.197132,(PK) RAMBLA DEL POBLENOU,130,32,6,6,"454, 476",OPN,01/08/18 17:43:08
470,BIKE-ELECTRIC,41.397921,2.125411,(PK) C/ CARDENAL DE SENTMENAT,8,82,11,1,"457, 471",OPN,01/08/18 17:43:08
471,BIKE-ELECTRIC,41.39415,2.114973,(PK) C/ MARQUĂˆS DE MULHACĂ‰N,51,101,7,5,"458, 470",OPN,01/08/18 17:43:08
472,BIKE-ELECTRIC,41.407353,2.151341,(PK) C/ DEL TORRENT DE LÂ´OLLA,221,72,7,3,"465, 474",OPN,01/08/18 17:43:08
473,BIKE-ELECTRIC,41.404459,2.214978,(PK) PG. DE GARCIA FĂ€RIA,71,1,7,5,"454, 482",OPN,01/08/18 17:43:08
474,BIKE-ELECTRIC,41.3989,2.153668,(PK) PL. GALÂ·LA PLACĂDIA,2,59,10,0,483,OPN,01/08/18 17:43:08
475,BIKE-ELECTRIC,41.408528,2.169385,(PK) C/ DE LA MARINA,345,59,6,5,"483, 496",OPN,01/08/18 17:43:08
476,BIKE-ELECTRIC,41.402459,2.19042,(PK) C/ DE BADAJOZ,168,18,8,4,"452, 469",OPN,01/08/18 17:43:08
477,BIKE-ELECTRIC,41.376648,2.178745,(PK) PG. DE COLOM,1,1,4,6,"478, 493",OPN,01/08/18 17:43:08
478,BIKE-ELECTRIC,41.3798,2.1891,(PK) C/ DEL BALUARD,27,1,5,7,"467, 477",OPN,01/08/18 17:43:08
479,BIKE-ELECTRIC,41.387298,2.196595,(PK) C/ DE LA MARINA,13-17,1,3,9,"455, 467",OPN,01/08/18 17:43:08
480,BIKE-ELECTRIC,41.381516,2.170239,(PK) C/ DELS FLORISTES DE LA RAMBLA,8,24,4,8,"463, 493",OPN,01/08/18 17:43:08
481,BIKE-ELECTRIC,41.383036,2.150337,(PK) C/ DE VALĂˆNCIA,77,44,10,2,"461, 495",OPN,01/08/18 17:43:08
482,BIKE-ELECTRIC,41.41306,2.22123,(PK) PL. D'ERNEST LLUCH I MARTIN,SN,1,8,4,"473, 489",OPN,01/08/18 17:43:08
483,BIKE-ELECTRIC,41.401752,2.160748,(PK) C/ DE SIRACUSA,39-51,58,9,3,474,OPN,01/08/18 17:43:08
484,BIKE-ELECTRIC,41.388101,2.166997,(PK) RAMBLA CATALUNYA - RDA. UNIVERSITAT,SN,40,4,8,"485, 494",OPN,01/08/18 17:43:08
485,BIKE-ELECTRIC,41.389914,2.173239,(PK) PLAĂ‡A URQUINAONA,SN,32,5,5,"460, 492",OPN,01/08/18 17:43:08
486,BIKE-ELECTRIC,41.396934,2.159445,(PK) PG. DE GRĂ€CIA - DIAGONAL,NA,50,12,0,"451, 474",CLS,01/08/18 17:43:08
487,BIKE-ELECTRIC,41.38921,2154,(PK) PL. DE FERRER I CAJIGAL,NA,45,11,1,"462, 481",OPN,01/08/18 17:43:08
488,BIKE-ELECTRIC,41.423976,2.184391,(PK) C/ DE CIENFUEGOS,13,18,10,2,"464, 468",OPN,01/08/18 17:43:08
489,BIKE-ELECTRIC,41.409532,2.188282,(PK) PLAĂ‡A CANONGE RODĂ“,SN,40,6,5,"469, 482",OPN,01/08/18 17:43:08
491,BIKE-ELECTRIC,41.37252,2.12898,(PK) C/ DE CARRERAS I CANDI,65,61,10,2,"458, 495",OPN,01/08/18 17:43:08
492,BIKE-ELECTRIC,41.394232,2.175278,PL. DE TETUAN,8-9,21,10,14,"459, 485",OPN,01/08/18 17:43:08
493,BIKE-ELECTRIC,41.38186,2.177086,PL. SANT MIQUEL,4,8,9,14,"460, 477",OPN,01/08/18 17:43:08
494,BIKE-ELECTRIC,41.389481,2.165357,RAMBLA CATALUNYA,31,41,16,8,"484, 485",OPN,01/08/18 17:43:08
495,BIKE-ELECTRIC,41.377191,2.149283,C/ DIPUTACIĂ“ - TARRAGONA,SN,45,13,11,"451, 481",OPN,01/08/18 17:43:08
496,BIKE-ELECTRIC,41.404871,2.175141,C/ DE PROVENĂ‡A,445,21,13,11,"452, 475",OPN,01/08/18 17:43:08
1,BIKE,41.397952,2.180042,Gran Via Corts Catalanes,760,21,2,25,"24, 369, 387, 426",OPN,01/08/18 17:45:08
2,BIKE,41.39553,2.17706,Roger de Flor/ Gran VĂ­a,126,21,0,27,"360, 368, 387, 414",OPN,01/08/18 17:45:08
3,BIKE,41.394072,2.183441,NĂ pols,82,22,18,7,"4, 6, 119, 419",OPN,01/08/18 17:45:08
4,BIKE,41.39347,2.18149,Ribes,13,21,10,7,"3, 5, 359, 419",OPN,01/08/18 17:45:08
5,BIKE,41.391075,2.180223,Pg LluĂ­s Companys,11,16,34,2,"6, 7, 359, 418",OPN,01/08/18 17:45:08
6,BIKE,41.391349,2.18061,Pg LluĂ­s Companys,18,16,19,16,"5, 8, 359, 419",OPN,01/08/18 17:45:08
7,BIKE,41.388856,2.183251,Pg LluĂ­s Companys,1,16,7,19,"8, 118, 389",OPN,01/08/18 17:45:08
8,BIKE,41.389088,2.183568,Pg LluĂ­s Companys,2,11,9,12,"6, 118, 389",OPN,01/08/18 17:45:08
9,BIKE,41.384532,2.184921,MarquĂ¨s de l'Argentera,13,11,4,20,"14, 40, 115, 389, 390",OPN,01/08/18 17:45:08
11,BIKE,41.381689,2.193914,Passeig MarĂ­tim,19,1,9,12,"116, 124, 125, 396",OPN,01/08/18 17:45:08
12,BIKE,41.384538,2.195679,Pg MarĂ­tim Barceloneta,23,0,25,3,"11, 13, 116, 396",OPN,01/08/18 17:45:08
13,BIKE,41.386861,2.195761,Avinguda Litoral,16,1,33,0,"11, 12, 46, 69",OPN,01/08/18 17:45:08
14,BIKE,41.384675,2.185039,Avinguda del Marques Argentera,15,11,2,22,"9, 40, 115, 389, 390",OPN,01/08/18 17:45:08
15,BIKE,41.394812,2.171189,Girona,68,40,11,5,"23, 25, 362, 413",OPN,01/08/18 17:45:08
16,BIKE,41.39827,2.186708,Av. Meridiana,47,18,4,15,"17, 44, 48, 372",OPN,01/08/18 17:45:08
17,BIKE,41.398237,2.186711,Av. Meridiana,47,18,6,12,"16, 48, 211, 372",OPN,01/08/18 17:45:08
18,BIKE,41.406086,2.174167,RossellĂ³,453,49,24,1,"19, 28, 120, 370",OPN,01/08/18 17:45:08
19,BIKE,41.403282,2.170726,RossellĂ³,354,49,28,0,"18, 22, 29, 370",OPN,01/08/18 17:45:08
20,BIKE,41.410166,2.175759,Cartagena,308,59,10,10,"21, 28, 164, 177, 278",OPN,01/08/18 17:45:08
21,BIKE,41.410897,2.17402,Sant Antoni Maria Claret,214,59,11,10,"20, 28, 164, 278",OPN,01/08/18 17:45:08
22,BIKE,41.401684,2.17568,Sardenya,292,28,10,9,"29, 120, 369, 370",OPN,01/08/18 17:45:08
23,BIKE,41.392526,2.171812,Bruc,45,42,25,0,"15, 360, 363, 413",OPN,01/08/18 17:45:08
24,BIKE,41.400659,2.179111,Marina,199,30,20,7,"1, 30, 369, 426",OPN,01/08/18 17:45:08
25,BIKE,41.395179,2.168294,Bruc,102,42,10,10,"15, 123, 362, 413",OPN,01/08/18 17:45:08
26,BIKE,41.407035,2.181981,Dos Maig,230,28,11,7,"120, 121, 177, 371",OPN,01/08/18 17:45:08
27,BIKE,41.396881,2.164415,ProvenĂ§a,322,49,20,0,"123, 189, 224, 374",OPN,01/08/18 17:45:08
28,BIKE,41.405422,2.17064,Sardenya,362,45,22,1,"18, 20, 122, 277",OPN,01/08/18 17:45:08
29,BIKE,41.401101,2.170082,ProvenĂ§a,388,50,14,3,"19, 224, 360, 370",OPN,01/08/18 17:45:08
30,BIKE,41.402046,2.182286,Diagonal,231,28,2,18,"24, 218, 369, 371",OPN,01/08/18 17:45:08
31,BIKE,41.37481,2.18895,PlaĂ§a del Mar,72,1,0,17,"33, 39, 41, 124",OPN,01/08/18 17:45:08
32,BIKE,41.373698,2.188927,PlaĂ§a del Mar,1,1,0,27,"31, 33, 124, 400",OPN,01/08/18 17:45:08
33,BIKE,41.376862,2.190773,Pontevedra,58B,1,2,16,"31, 41, 124, 424",OPN,01/08/18 17:45:08
34,BIKE,41.387074,2.175247,Sant Pere MĂ©s Alt,4,16,12,5,"36, 105, 359, 380",OPN,01/08/18 17:45:08
35,BIKE,41.413592,2.221153,Sant Ramon de Penyafort,1,1,17,8,"157, 158, 159, 160",OPN,01/08/18 17:45:08
36,BIKE,41.385151,2.176804,Catedral,6,16,13,7,"34, 35, 53, 358, 380",OPN,01/08/18 17:45:08
37,BIKE,41.381226,2.181888,Pl. Antonio LĂ³pez,NA,5,18,5,"38, 115, 126, 401",OPN,01/08/18 17:45:08
38,BIKE,41.381129,2.186397,Pl. Pau Vila,NA,1,8,13,"39, 40, 124, 126",OPN,01/08/18 17:45:08
39,BIKE,41.381046,2.186576,Pl. Pau Vila,NA,1,6,10,"38, 40, 124, 126",OPN,01/08/18 17:45:08
40,BIKE,41.382335,2.187093,Doctor Aiguader,2,1,6,9,"37, 38, 116, 402",OPN,01/08/18 17:45:08
41,BIKE,41.379326,2.189906,Pl. Poeta BoscĂ /AtlĂ ntida,NA,1,2,16,"31, 39, 124, 424",OPN,01/08/18 17:45:08
42,BIKE,41.404511,2.189881,Ciutat de Granada,168,18,12,12,"43, 44, 133, 286",OPN,01/08/18 17:45:08
43,BIKE,41.40541,2.18712,Av Meridiana,80,18,9,13,"30, 42, 44, 218",OPN,01/08/18 17:45:08
44,BIKE,41.402165,2.187136,Av Meridiana,66,18,18,0,"30, 42, 43, 286",OPN,01/08/18 17:45:08
45,BIKE,41.391401,2.189399,Marina,66,18,4,11,"47, 118, 392, 409",OPN,01/08/18 17:45:08
46,BIKE,41.388359,2.193004,Ramon trias Fargas,19,1,28,0,"47, 69, 392, 407",OPN,01/08/18 17:45:08
47,BIKE,41.389076,2.192104,Ramon Trias Fargas,NA,1,30,4,"13, 46, 392, 407",OPN,01/08/18 17:45:08
48,BIKE,41.395261,2.18708,Meridiana,40,18,13,6,"16, 118, 149, 211",OPN,01/08/18 17:45:08
49,BIKE,41.39106,2.196457,Rosa Sensat en front,20,1,9,10,"46, 117, 163, 396",OPN,01/08/18 17:45:08
50,BIKE,41375,2.17035,Av. Paral.lel,54,1,6,16,"114, 187, 232, 233",OPN,01/08/18 17:45:08
51,BIKE,41.384054,2.169019,Pl. VicenĂ§ Martorell,NA,32,1,14,"55, 58, 59, 63",OPN,01/08/18 17:45:08
53,BIKE,41.385227,2.173878,Pl. Carles Pi i Sunyer,NA,32,15,3,"34, 36, 380, 395",OPN,01/08/18 17:45:08
54,BIKE,41.377635,2.170586,Sant Oleguer,2,24,9,10,"114, 187, 388, 415",OPN,01/08/18 17:45:08
55,BIKE,41.381154,2.173497,La Rambla,80,24,7,11,"54, 378, 379, 395",OPN,01/08/18 17:45:08
56,BIKE,41.377011,2.175834,Portal de Santa Madrona,2,5,9,15,"54, 57, 378, 425",OPN,01/08/18 17:45:08
57,BIKE,41.376758,2.177093,La Rambla,2,5,11,11,"56, 114, 361, 378",OPN,01/08/18 17:45:08
58,BIKE,41.382822,2.167154,PlaĂ§a dels Ă€ngels,1,24,13,6,"51, 59, 381, 388",OPN,01/08/18 17:45:08
59,BIKE,41.382781,2.167203,PlaĂ§a dels Ă€ngels,2,24,17,2,"51, 58, 381, 388",OPN,01/08/18 17:45:08
60,BIKE,41.390349,2.16424,Rambla Catalunya,47,41,24,1,"61, 66, 80, 364",OPN,01/08/18 17:45:08
61,BIKE,41.390143,2.164946,Rambla Catalunya,42,41,17,6,"60, 80, 287, 364",OPN,01/08/18 17:45:08
62,BIKE,41.387142,2.168858,Pl. Catalunya,5,32,4,17,"63, 64, 65, 395",OPN,01/08/18 17:45:08
63,BIKE,41.386439,2.169417,Pl. Catalunya,7,32,9,18,"62, 64, 65, 395",OPN,01/08/18 17:45:08
64,BIKE,41.387469,2.169048,Pl. Catalunya,NA,32,0,20,"62, 63, 65, 395",OPN,01/08/18 17:45:08
65,BIKE,41.387678,2.169587,Pl. Catalunya,NA,32,13,5,"62, 63, 64, 395",OPN,01/08/18 17:45:08
66,BIKE,41.389097,2.167933,Gran Via,609,32,1,13,"61, 64, 79, 287",OPN,01/08/18 17:45:08
67,BIKE,41.385012,2.145843,Rocafort,214,51,20,1,"75, 87, 89, 365",OPN,01/08/18 17:45:08
68,BIKE,41.395364,2.157356,Rambla Catalunya,133,59,23,0,"72, 73, 92, 374",OPN,01/08/18 17:45:08
69,BIKE,41.386814,2.195689,Avda. Litoral,NA,1,30,0,"12, 13, 125, 397",OPN,01/08/18 17:45:08
70,BIKE,41.380347,2.160695,Comte Urgell,23,35,7,12,"71, 91, 113, 261",OPN,01/08/18 17:45:08
71,BIKE,41.381931,2.162969,Floridablanca,145,35,13,6,"70, 78, 113, 148",OPN,01/08/18 17:45:08
72,BIKE,41.392716,2.158811,ProvenĂ§a,215,55,24,0,"68, 73, 92, 374",OPN,01/08/18 17:45:08
73,BIKE,41.392278,2.156183,Enric Granados,93,59,18,1,"68, 72, 76, 92",OPN,01/08/18 17:45:08
74,BIKE,41.390062,2.143272,Josep Tarradellas,133,51,19,0,"101, 102, 109, 366",OPN,01/08/18 17:45:08
75,BIKE,41.385081,2.142868,Josep Tarradellas,58,51,20,0,"67, 99, 197, 365",OPN,01/08/18 17:45:08
76,BIKE,41.391751,2.153123,CĂ²rsega,216,45,30,0,"72, 73, 88, 90",OPN,01/08/18 17:45:08
78,BIKE,41.385598,2.16338,Pl. Universitat,NA,41,14,12,"71, 79, 209, 406",OPN,01/08/18 17:45:08
79,BIKE,41.38547,2.16333,Pl. Universitat,NA,41,16,5,"78, 209, 287, 406",OPN,01/08/18 17:45:08
80,BIKE,41.389687,2.159999,Enric Granados,35,41,18,1,"60, 209, 385, 394",OPN,01/08/18 17:45:08
81,BIKE,41.378915,2.149174,VilamarĂ­ davant,61,44,18,2,"82, 95, 97, 384",OPN,01/08/18 17:45:08
82,BIKE,41.379016,2.153799,Rocafort,72,40,29,4,"67, 81, 111, 112",OPN,01/08/18 17:45:08
83,BIKE,41.384075,2.153654,Comte Borrell,177,45,23,2,"87, 89, 110, 111",OPN,01/08/18 17:45:08
84,BIKE,41.383047,2.157033,Comte d'Urgell,75 B,35,0,21,"78, 91, 110, 209",OPN,01/08/18 17:45:08
85,BIKE,41.375076,2.159046,ParalÂ·lel,146,35,0,22,"112, 129, 235, 236",OPN,01/08/18 17:45:08
86,BIKE,41.37544,2163,Viladomat,2,35,8,18,"85, 187, 235, 373",OPN,01/08/18 17:45:08
87,BIKE,41.383156,2.148506,Mallorca,41,44,13,7,"67, 111, 191, 384",OPN,01/08/18 17:45:08
88,BIKE,41.393547,2.150764,Londres,101,59,12,0,"76, 109, 220, 350",OPN,01/08/18 17:45:08
89,BIKE,41.387953,2.150169,RossellĂ³,101,45,23,0,"76, 90, 110, 365",OPN,01/08/18 17:45:08
90,BIKE,41.38834,2.150825,RossellĂ³,108,45,14,0,"76, 89, 365, 385",OPN,01/08/18 17:45:08
91,BIKE,41.380452,2.158403,Comte Borrell,119,35,19,10,"70, 112, 113, 261",OPN,01/08/18 17:45:08
92,BIKE,41.39386,2.160237,ProvenĂ§a,241,50,13,0,"72, 73, 364, 374",OPN,01/08/18 17:45:08
93,BIKE,41.375454,2.149786,Gran Via,375,40,18,0,"94, 95, 96, 420",OPN,01/08/18 17:45:08
94,BIKE,41.375619,2.149889,Gran Via,375,40,21,0,"93, 95, 96, 420",OPN,01/08/18 17:45:08
95,BIKE,41.376428,2.147734,Tarragona,103,44,31,0,"93, 96, 97, 186",OPN,01/08/18 17:45:08
96,BIKE,41.374152,2.148154,Gran Via,361,61,18,2,"93, 95, 186, 420",OPN,01/08/18 17:45:08
97,BIKE,41.378124,2.145389,Tarragona,141,44,10,10,"81, 95, 100, 186",OPN,01/08/18 17:45:08
98,BIKE,41.380499,2.141153,Viriat,45,44,13,8,"75, 99, 100, 421",OPN,01/08/18 17:45:08
99,BIKE,41.380632,2.141548,Viriat,53,44,12,3,"98, 100, 195, 421",OPN,01/08/18 17:45:08
100,BIKE,41.379135,2.14409,Tarragona,159,44,17,1,"97, 98, 99, 384",OPN,01/08/18 17:45:08
101,BIKE,41.39243,2.14321,Av. Diagonal,602,69,26,0,"74, 102, 319, 366",OPN,01/08/18 17:45:08
102,BIKE,41.39218,2.14213,Av. Diagonal,612,69,24,0,"74, 102, 319, 366",OPN,01/08/18 17:45:08
103,BIKE,41.409856,2.188217,AragĂ³,629,17,8,9,"26, 104, 127, 132",OPN,01/08/18 17:45:08
104,BIKE,41.410821,2.187365,C/ValĂ¨ncia,621,17,11,11,"26, 103, 127, 177",OPN,01/08/18 17:45:08
105,BIKE,41.389069,2.173424,PL. Urquinaona,9,32,9,7,"65, 359, 363, 412",OPN,01/08/18 17:45:08
106,BIKE,41.405587,2.162317,Pl. Joanic,s/n,59,16,3,"108, 122, 226, 231",OPN,01/08/18 17:45:08
107,BIKE,41.398298,2.153128,Travessera de Gracia,92,59,17,1,"68, 219, 220, 223",OPN,01/08/18 17:45:08
108,BIKE,41.402314,2.164961,IndĂºstria,10,59,9,11,"29, 122, 224, 226",OPN,01/08/18 17:45:08
109,BIKE,41.390981,2.14737,C/ Londres,53,51,17,1,"89, 101, 350, 365",OPN,01/08/18 17:45:08
110,BIKE,41.385377,2.154878,Avda. Roma,136,43,19,1,"83, 84, 209, 385",OPN,01/08/18 17:45:08
111,BIKE,41.381231,2.152755,Calabria,137,41,11,6,"81, 82, 83, 262",OPN,01/08/18 17:45:08
112,BIKE,41.377644,2.15725,Floridablanca,49,40,5,12,"82, 91, 94, 113",OPN,01/08/18 17:45:08
113,BIKE,41.37742,2.1647,Sant Pau,51,30,6,18,"70, 112, 129, 427",OPN,01/08/18 17:45:08
114,BIKE,41.376801,2.173039,Pl. Jean Genet,1,24,10,6,"50, 54, 56, 425",OPN,01/08/18 17:45:08
115,BIKE,41.38377,2.18424,MarquĂ©s d'Argentera,3,1,9,10,"14, 37, 401",OPN,01/08/18 17:45:08
116,BIKE,41.383718,2.191414,Salvat Papasseit,72,11,21,6,"11, 13, 38, 39",OPN,01/08/18 17:45:08
117,BIKE,41.390666,2.197024,Rosa Sensat,12,1,20,0,"46, 49, 163, 396",OPN,01/08/18 17:45:08
118,BIKE,41.392212,2.187847,Sardenya,3,18,1,21,"7, 8, 45, 149",OPN,01/08/18 17:45:08
119,BIKE,41.396684,2.182447,Sardenya,178,21,6,13,"3, 372, 387, 426",OPN,01/08/18 17:45:08
120,BIKE,41.404666,2.176515,Lepant,278,28,3,17,"18, 22, 121, 370",OPN,01/08/18 17:45:08
121,BIKE,41.406293,2.178689,Castillejos,258,28,14,4,"18, 26, 120, 371",OPN,01/08/18 17:45:08
122,BIKE,41.405435,2.16624,NĂ pols,344,59,15,4,"19, 106, 108, 277",OPN,01/08/18 17:45:08
123,BIKE,41.398013,2.166978,Girona,142,45,17,1,"27, 189, 224, 362",OPN,01/08/18 17:45:08
124,BIKE,41.370297,2.187808,Passeig Joan de BorbĂ³,s/n,5,0,25,"31, 32, 41, 400",OPN,01/08/18 17:45:08
125,BIKE,41.384426,2.195595,Passeig Maritim,31,1,19,0,"12, 13, 69, 398",OPN,01/08/18 17:45:08
126,BIKE,41.380641,2.182243,Passeig de Colom,NA,5,2,18,"37, 115, 377, 402",OPN,01/08/18 17:45:08
127,BIKE,41.412322,2.19142,AragĂ³,661,17,13,13,"103, 104, 128, 238",OPN,01/08/18 17:45:08
128,BIKE,41.415581,2.19581,Rambla GuipĂºscoa,43,13,14,14,"127, 130, 135, 238",OPN,01/08/18 17:45:08
129,BIKE,41.37709,2.16124,Manso,46,35,1,23,"91, 112, 113, 148",OPN,01/08/18 17:45:08
130,BIKE,41.419905,2.201573,Rambla GuipĂºscoa,103,9,16,8,"127, 128, 131, 139",OPN,01/08/18 17:45:08
131,BIKE,41.422808,2.206036,Rambla GuipĂºscoa,158,9,7,20,"130, 139, 316, 317",OPN,01/08/18 17:45:08
132,BIKE,41.408439,2.192173,Pl. ValentĂ­ Amirall,NA,13,12,10,"42, 103, 133, 141",OPN,01/08/18 17:45:08
133,BIKE,41.407411,2.192819,Gran VĂ­a,902,16,11,5,"42, 43, 132, 141",OPN,01/08/18 17:45:08
134,BIKE,41.411433,2.198735,Bac de Roda,157,10,19,2,"135, 136, 141, 145",OPN,01/08/18 17:45:08
135,BIKE,41.411908,2.197936,Gran VĂ­a,981,13,2,17,"136, 137, 141",OPN,01/08/18 17:45:08
136,BIKE,41.414226,2.201734,Gran VĂ­a,1062,9,4,22,"137, 138, 146",OPN,01/08/18 17:45:08
137,BIKE,41.414758,2.201538,"Gran VĂ­a, 1041/ Selva de Mar",1041,9,25,1,"130, 136, 138, 146",OPN,01/08/18 17:45:08
138,BIKE,41.416966,2.205397,Gran VĂ­a,1118,9,0,22,"136, 137, 139, 147",OPN,01/08/18 17:45:08
139,BIKE,41.418035,2.206023,Gran VĂ­a,1131,9,9,18,"130, 131, 138, 147",OPN,01/08/18 17:45:08
140,BIKE,41.38063,2.15614,Viladomat,122,41,17,9,"82, 91, 111, 262",OPN,01/08/18 17:45:08
141,BIKE,41.40902,2.194896,Gran Via,940,13,13,14,"42, 132, 133, 135",OPN,01/08/18 17:45:08
142,BIKE,41.400503,2.192511,Sancho de Ăvila,104,16,32,0,"42, 44, 143, 211",OPN,01/08/18 17:45:08
143,BIKE,41.40325,2.19606,Sancho de Ăvila,170,16,25,0,"42, 144, 152, 153, 428",OPN,01/08/18 17:45:08
144,BIKE,41.40562,2.19764,Castella,28,16,24,0,"42, 143, 150, 286",OPN,01/08/18 17:45:08
145,BIKE,41.40982,2.202904,Pere IV,301,9,25,0,"135, 146, 150, 156",OPN,01/08/18 17:45:08
146,BIKE,41.415191,2.207111,Pere IV,464,9,6,8,"136, 137, 138, 145",OPN,01/08/18 17:45:08
147,BIKE,41.416018,2.212658,Rambla Prim,79,5,3,17,"146, 157, 158, 159",OPN,01/08/18 17:45:08
148,BIKE,41.378436,2.163324,Ronda Sant Pau,79,79,3,20,"70, 113, 388, 415",OPN,01/08/18 17:45:08
149,BIKE,41.395905,2.192958,Pujades,57B,11,23,3,"45, 48, 118, 409",OPN,01/08/18 17:45:08
150,BIKE,41.406549,2.203112,Espronceda,124,10,20,4,"144, 145, 154, 155",OPN,01/08/18 17:45:08
151,BIKE,41.40065,2.19719,Pallars,462,6,19,2,"152, 153, 211, 393, 428",OPN,01/08/18 17:45:08
152,BIKE,41.39925,2.197421,Pujades,121,11,24,0,"143, 149, 153, 393",OPN,01/08/18 17:45:08
153,BIKE,41.401778,2.200769,Pujades,173,10,0,22,"152, 154, 165, 393, 428",OPN,01/08/18 17:45:08
154,BIKE,41.402454,2.201656,Pujades,191,10,14,10,"141, 153, 165, 382",OPN,01/08/18 17:45:08
155,BIKE,41.406977,2.207602,Pujades,311,10,17,15,"150, 156, 162, 382",OPN,01/08/18 17:45:08
156,BIKE,41.409017,2.20881,Diagonal,46,5,15,10,"145, 155, 157, 159",OPN,01/08/18 17:45:08
157,BIKE,41.412947,2.217819,C/ LLULL - RBLA. PRIM,465,0,19,6,"35, 147, 158, 159, 160",OPN,01/08/18 17:45:08
158,BIKE,41.411741,2.218546,Rambla de Prim,19,1,9,15,"35, 156, 157, 159, 160",OPN,01/08/18 17:45:08
159,BIKE,41.410882,2.216703,Avda. Diagonal,26,5,2,28,"35, 156, 157, 158, 160",OPN,01/08/18 17:45:08
160,BIKE,41.411026,2.219377,Avda. d'Eduard Maristany,1,1,23,8,"35, 156, 157, 158, 159",OPN,01/08/18 17:45:08
161,BIKE,41.395009,2.196308,Ramon Turro,91,11,17,9,"49, 149, 163, 409",OPN,01/08/18 17:45:08
162,BIKE,41.403908,2.208436,Ramon Turro,292,0,10,16,"155, 166, 167, 168",OPN,01/08/18 17:45:08
163,BIKE,41.3942,2.20077,Avda. Icaria,202,11,3,22,"49, 117, 161, 172",OPN,01/08/18 17:45:08
164,BIKE,41.41194,2.178037,IndependĂ¨ncia,379,33,15,10,"20, 21, 177, 280",OPN,01/08/18 17:45:08
165,BIKE,41.399196,2.204253,Carrer del Doctor Trueta,221,0,4,16,"153, 154, 166, 173",OPN,01/08/18 17:45:08
166,BIKE,41.400533,2.206539,Bilbao,11,10,9,15,"162, 165, 173, 174",OPN,01/08/18 17:45:08
167,BIKE,41.402561,2.210538,Bac de Roda,11,0,13,7,"162, 166, 168, 176",OPN,01/08/18 17:45:08
168,BIKE,41.405358,2.213677,Selva de Mar,0,0,23,2,"162, 167, 176, 178",OPN,01/08/18 17:45:08
169,BIKE,41.389896,2.200055,Avda. Litoral,40,0,10,16,"11, 170, 172, 397",OPN,01/08/18 17:45:08
170,BIKE,41.389732,2.199934,Avda. Litoral,40,1,3,23,"117, 169, 172, 397",OPN,01/08/18 17:45:08
171,BIKE,41.391986,2.203699,Passeig MarĂ­tim de la Nova IcĂ ria,83,0,11,14,"163, 169, 170, 172",OPN,01/08/18 17:45:08
172,BIKE,41.391831,2.203436,Passeig MarĂ­tim de la Nova IcĂ ria,83,0,19,8,"163, 169, 170, 171",OPN,01/08/18 17:45:08
173,BIKE,41.398027,2.208982,Avda. Litoral,84,0,0,22,"166, 171, 174, 190",OPN,01/08/18 17:45:08
174,BIKE,41.40061,2.210461,Passeig de Garcia FĂ ria,21,0,16,8,"166, 173, 176, 178",OPN,01/08/18 17:45:08
175,BIKE,41.40666,2.20956,Llull / ProvenĂ§als,309,10,23,0,"155, 156, 162, 167",OPN,01/08/18 17:45:08
176,BIKE,41.402541,2.212641,Passeig de Garcia FĂ ria,37,0,21,3,"167, 168, 174, 178",OPN,01/08/18 17:45:08
177,BIKE,41.411089,2.181119,RossellĂ³,557,0,12,14,"20, 121, 164, 280",OPN,01/08/18 17:45:08
178,BIKE,41.405389,2.216212,Passeig de Garcia FĂ ria,85,0,21,3,"162, 166, 167, 168",OPN,01/08/18 17:45:08
179,BIKE,41.363511,2.13677,Pg. Zona Franca,244,48,15,3,"184, 351, 352, 404",OPN,01/08/18 17:45:08
180,BIKE,41.36778,2.13926,Gran Via,181,50,9,15,"179, 181, 182, 183",OPN,01/08/18 17:45:08
181,BIKE,41.36766,2.13911,Gran Via,180,50,5,18,"179, 180, 182, 183",OPN,01/08/18 17:45:08
182,BIKE,41.371455,2.143882,Gran Via,273,61,8,16,"96, 180, 183, 420",OPN,01/08/18 17:45:08
183,BIKE,41.372338,2.141875,GavĂ ,1,61,15,10,"181, 182, 185, 420",OPN,01/08/18 17:45:08
184,BIKE,41.367504,2.134088,Quetzal,22,50,8,16,"179, 180, 185, 404",OPN,01/08/18 17:45:08
185,BIKE,41.37046,2.138994,GavĂ ,81,50,6,11,"180, 181, 184, 404",OPN,01/08/18 17:45:08
186,BIKE,41.375571,2.143812,Consell de Cent,6,44,1,14,"95, 96, 210, 420",OPN,01/08/18 17:45:08
187,BIKE,41.376858,2.169811,Carrer de Sant Pau,89,24,10,6,"50, 54, 416, 427",OPN,01/08/18 17:45:08
188,BIKE,41.375471,2.135543,Pl. Sants (Ps. S. Antoni),0,45,0,26,"210, 313, 354, 421",OPN,01/08/18 17:45:08
189,BIKE,41.396918,2.166163,Bruc,130,50,19,8,"25, 27, 123, 224",OPN,01/08/18 17:45:08
190,BIKE,41.39606,2.207803,Avinguda Litoral,72,0,0,27,"165, 171, 172, 173",OPN,01/08/18 17:45:08
191,BIKE,41.382564,2.149094,Rocafort,167,44,17,9,"81, 87, 111, 384",OPN,01/08/18 17:45:08
192,BIKE,41.378629,2.133467,Joan GĂ¼ell,50,40,10,8,"188, 193, 194, 314",OPN,01/08/18 17:45:08
193,BIKE,41.381311,2.128912,Figols,1,46,24,1,"192, 194, 199, 312",OPN,01/08/18 17:45:08
194,BIKE,41.381013,2.132319,Joan GĂ¼ell,98,40,26,0,"192, 193, 196, 200",OPN,01/08/18 17:45:08
195,BIKE,41.381888,2.135433,Vallespir,130,45,22,3,"192, 194, 196, 367",OPN,01/08/18 17:45:08
196,BIKE,41.383241,2.139363,BerlĂ­n,38,30,22,0,"197, 201",OPN,01/08/18 17:45:08
197,BIKE,41.387295,2.141539,Gelabert,1,57,24,0,"75, 196, 201, 367",OPN,01/08/18 17:45:08
198,BIKE,41.384426,2.133682,Vallespir,194,58,24,0,"196, 200, 201, 205",OPN,01/08/18 17:45:08
199,BIKE,41.38182,2.126933,MejĂ­a Lequerica,2,46,22,4,"193, 200, 202, 312",OPN,01/08/18 17:45:08
200,BIKE,41.383756,2.131273,Can bruixa,1,60,21,1,"193, 194, 196, 198",OPN,01/08/18 17:45:08
201,BIKE,41.387787,2.134341,NumĂ ncia,136,58,29,2,"198, 206, 207, 208",OPN,01/08/18 17:45:08
202,BIKE,41.385331,2.128737,Carrer de les Corts,20,60,27,0,"199, 200, 203, 205",OPN,01/08/18 17:45:08
203,BIKE,41.388742,2.128503,Avda. Diagonal,664,60,31,2,"204, 205, 212, 284",OPN,01/08/18 17:45:08
204,BIKE,41.388011,2.125593,Avda. Diagonal,668,60,11,20,"202, 203, 205, 212",OPN,01/08/18 17:45:08
205,BIKE,41.387465,2.130838,Europa,25,60,22,8,"198, 202, 203, 284",OPN,01/08/18 17:45:08
206,BIKE,41.389845,2.13284,Avda. Diagonal,650,60,30,0,"201, 207, 208, 284",OPN,01/08/18 17:45:08
207,BIKE,41.390828,2.136665,Avda. Diagonal,634,57,20,0,"201, 204, 206, 208",OPN,01/08/18 17:45:08
208,BIKE,41.391451,2.139116,Avda. Diagonal,630,57,13,20,"201, 206, 207, 366",OPN,01/08/18 17:45:08
209,BIKE,41.385755,2.161004,DiputaciĂ³,200,41,27,0,"71, 78, 84, 261",OPN,01/08/18 17:45:08
210,BIKE,41.37453,2.142356,Vilardell,18,50,17,9,"183, 185, 186, 421",OPN,01/08/18 17:45:08
211,BIKE,41.398848,2.190291,Sancho de Ăvila,60,18,13,19,"16, 44, 48, 142",OPN,01/08/18 17:45:08
212,BIKE,41.39239,2.130945,Av. SarriĂ ,163,82,26,0,"203, 206, 284, 325",OPN,01/08/18 17:45:08
213,BIKE,41.393783,2.135078,Sant Fe de Nou MĂ¨xic,2,79,29,3,"207, 208, 214, 215",OPN,01/08/18 17:45:08
214,BIKE,41.395251,2.133541,JosĂ© de AgullĂ³,19,85,14,4,"207, 208, 212, 213",OPN,01/08/18 17:45:08
215,BIKE,41.39412,2.138146,Carrer de Ganduxer,29,79,13,4,"102, 213, 214, 324",OPN,01/08/18 17:45:08
216,BIKE,41.396809,2.144534,Madrazo,131,69,26,0,"101, 217, 219, 319",OPN,01/08/18 17:45:08
217,BIKE,41.398463,2.143924,Rector Ubach,24,69,21,5,"102, 216, 219, 319",OPN,01/08/18 17:45:08
218,BIKE,41.404114,2.183203,Consell de Cent,566,28,0,26,"30, 43, 369, 371",OPN,01/08/18 17:45:08
219,BIKE,41.397812,2.147585,Carre Laforja,74,69,26,0,"107, 216, 217, 220",OPN,01/08/18 17:45:08
220,BIKE,41.396229,2.151482,Tuset,19,59,23,1,"68, 88, 107, 219",OPN,01/08/18 17:45:08
221,BIKE,41.402535,2.152519,Gran de GrĂ cia,155,71,23,0,"107, 222, 229, 230",OPN,01/08/18 17:45:08
222,BIKE,41.40124,2.157483,Carrer del CanĂ³,1,71,27,0,"107, 221, 226, 229",OPN,01/08/18 17:45:08
223,BIKE,41.398311,2.159865,Carrer de Bonavista,14,50,30,1,"68, 224, 225, 374",OPN,01/08/18 17:45:08
224,BIKE,41.399945,2.164389,Girona,176,55,21,0,"27, 108, 123, 189",OPN,01/08/18 17:45:08
225,BIKE,41.38482,2.15057,Mallorca,84,44,23,4,"83, 87, 89, 191",OPN,01/08/18 17:45:08
226,BIKE,41.403465,2.161096,Montmany,1,59,20,5,"106, 108, 122, 231",OPN,01/08/18 17:45:08
227,BIKE,41.407837,2.158678,Torrent de Les Flors,102,59,24,0,"106, 228, 231",OPN,01/08/18 17:45:08
228,BIKE,41.40694,2.155794,Pl. Del Nord,5,71,20,0,"106, 227, 229, 230",OPN,01/08/18 17:45:08
229,BIKE,41.405107,2.156874,Carrer de la Santacreu,2,71,20,8,"106, 226, 227, 228",OPN,01/08/18 17:45:08
230,BIKE,41.405986,2.151633,C. De Nil Fabra,16,71,18,5,"221, 222, 228, 229",OPN,01/08/18 17:45:08
231,BIKE,41.407202,2.163476,Pi i Margall,38,82,20,1,"106, 122, 227, 276",OPN,01/08/18 17:45:08
232,BIKE,41.373509,2.171002,VilĂ  i VilĂ ,45,1,15,12,"50, 233, 234, 427",OPN,01/08/18 17:45:08
233,BIKE,41.371965,2.166871,Nou de la Rambla,164,1,18,8,"50, 232, 234, 427",OPN,01/08/18 17:45:08
234,BIKE,41.371515,2.162166,Passeig de l'ExposiciĂ³,30,44,12,11,"85, 233, 235, 236",OPN,01/08/18 17:45:08
235,BIKE,41.375065,2.165839,Paral.lel,98,40,7,18,"85, 129, 234, 236",OPN,01/08/18 17:45:08
236,BIKE,41.375127,2.152769,Avinguda Paral.lel,194,47,21,1,"85, 94, 235, 237",OPN,01/08/18 17:45:08
237,BIKE,41.372891,2.154471,Rius i Taulet,4,67,21,4,"85, 93, 234, 236",OPN,01/08/18 17:45:08
238,BIKE,41.415684,2.190986,Espronceda,298,17,5,20,"127, 240, 248, 289",OPN,01/08/18 17:45:08
239,BIKE,41.417323,2.184534,IndĂºstria,329,18,15,10,"240, 241, 248, 315",OPN,01/08/18 17:45:08
240,BIKE,41.417763,2.187558,Josep Estivill,32,18,10,15,"128, 238, 248, 289",OPN,01/08/18 17:45:08
241,BIKE,41.419337,2.180482,Teodor Llorente,2,40,27,3,"239, 240, 248, 315",OPN,01/08/18 17:45:08
242,BIKE,41.424451,2.177284,Ramon AlbĂ³,1,37,20,4,"241, 243, 244, 291",OPN,01/08/18 17:45:08
243,BIKE,41.423939,2.181298,Alenxadre GalĂ­,1,37,18,5,"241, 242, 244, 247",OPN,01/08/18 17:45:08
244,BIKE,41.426896,2.178511,Felip II,214,47,12,13,"242, 243, 251, 300",OPN,01/08/18 17:45:08
246,BIKE,41.422844,2.186637,Garcilaso,77,18,9,8,"247, 249, 250, 251",OPN,01/08/18 17:45:08
247,BIKE,41.421992,2.184806,Felipe II,112,19,9,15,"241, 243, 246, 251",OPN,01/08/18 17:45:08
248,BIKE,41.418208,2.190374,PalĂ¨ncia,31,18,3,22,"128, 238, 240, 423",OPN,01/08/18 17:45:08
249,BIKE,41.425216,2.188997,AĂ§ores,1,18,11,15,"246, 250, 251, 391",OPN,01/08/18 17:45:08
250,BIKE,41.425905,2.19115,Portugal,3,24,12,11,"249, 252, 253, 254",OPN,01/08/18 17:45:08
251,BIKE,41.425405,2.185226,Cardenal Tedeschini,13,27,26,4,"243, 246, 247, 249",OPN,01/08/18 17:45:08
252,BIKE,41.429953,2.193185,Rambla Onze de Setembre,31,18,29,1,"249, 250, 254, 391",OPN,01/08/18 17:45:08
253,BIKE,41.429977,2.191821,Onze de Setembre,37,18,19,6,"250, 252, 254",OPN,01/08/18 17:45:08
254,BIKE,41.429985,2.190163,Gran de Sant Andreu,69,25,19,5,"250, 252, 253, 255",OPN,01/08/18 17:45:08
255,BIKE,41.431183,2.185852,Irlanda,11,27,20,2,"253, 254, 274",OPN,01/08/18 17:45:08
256,BIKE,41.435998,2.189524,Malats,28,25,12,13,"255, 259, 285",OPN,01/08/18 17:45:08
257,BIKE,41.433897,2.189614,Sant AdriĂ ,2,25,27,0,"253, 254, 255, 256",CLS,01/08/18 17:45:08
258,BIKE,41.442167,2.193032,Fernando Pessoa,41,15,9,14,"256, 259, 263",OPN,01/08/18 17:45:08
259,BIKE,41.439109,2.185818,Carrer de Bartrina,14,25,10,16,"256, 258, 267",OPN,01/08/18 17:45:08
260,BIKE,41.43618,2.192952,PlaĂ§a de l'EstaciĂ³,6,19,4,22,"256, 263, 264",OPN,01/08/18 17:45:08
261,BIKE,41.382206,2.160644,Villarroel,39,35,14,12,"70, 71, 84, 90",OPN,01/08/18 17:45:08
262,BIKE,41.379821,2.152496,Rocafort,103,40,15,15,"81, 82, 111, 191",OPN,01/08/18 17:45:08
263,BIKE,41.437814,2.191039,Pg.Torras i Bages,29,27,4,13,"256, 260, 264",OPN,01/08/18 17:45:08
264,BIKE,41.439949,2.197033,RepĂºblica Dominicana,25,19,10,21,"263, 267, 268, 344",OPN,01/08/18 17:45:08
265,BIKE,41.385397,2.158743,Casanovas,67,40,13,5,"80, 84, 110, 209",OPN,01/08/18 17:45:08
266,BIKE,41.426841,2.184238,ConcepciĂ³ Arenal,176,37,23,2,"263, 264, 268, 344",OPN,01/08/18 17:45:08
267,BIKE,41.443395,2.190623,Passeig Torras i Bages,129,24,11,14,"258, 263, 264, 268",OPN,01/08/18 17:45:08
268,BIKE,41.445705,2.192892,Fernando Pessoa,72,23,16,8,"263, 264, 267, 271",OPN,01/08/18 17:45:08
269,BIKE,41.448128,2.192826,Via Barcino,121,23,9,18,"264, 268, 270, 271",OPN,01/08/18 17:45:08
270,BIKE,41.448628,2.18976,Crta. de Ribes (Trinitat Vella),77,24,24,3,"267, 268, 269, 271",OPN,01/08/18 17:45:08
271,BIKE,41.450634,2.192335,Via Barcino,69,18,1,19,"267, 268, 269, 270",OPN,01/08/18 17:45:08
272,BIKE,41.432552,2.18429,ConcepciĂ³ Arenal,281,27,1,25,"255, 273, 274, 298",OPN,01/08/18 17:45:08
273,BIKE,41.430404,2.183382,Avda. Meridiana,404,27,34,1,"255, 272, 274, 275",OPN,01/08/18 17:45:08
274,BIKE,41.430071,2.18473,Rambla Fabra i Puig,67,27,7,24,"254, 255, 272, 273",OPN,01/08/18 17:45:08
275,BIKE,41.430693,2.182225,Rio de Janeiro,3,27,28,5,"272, 273, 274, 298",OPN,01/08/18 17:45:08
276,BIKE,41.412163,2.165275,PlaĂ§a Alfons X el Savi / Ronda del GuinardĂ³,NA,87,20,4,"231, 277, 278, 318",OPN,01/08/18 17:45:08
277,BIKE,41.408284,2.16905,Travessera de GrĂ cia,328,59,6,19,"28, 122, 123, 231",OPN,01/08/18 17:45:08
278,BIKE,41.409815,2.171621,Travessera de GrĂ cia,368,55,23,1,"20, 21, 28, 277",OPN,01/08/18 17:45:08
279,BIKE,41.415951,2.174564,Mas Casanovas,137,70,3,22,"278, 280, 281, 318",OPN,01/08/18 17:45:08
280,BIKE,41.413986,2.177842,Sant Antoni MÂª Claret,290,37,13,10,"20, 21, 164, 239",OPN,01/08/18 17:45:08
281,BIKE,41.418088,2.176313,Escornalbou,51,45,22,0,"241, 242, 243, 279",OPN,01/08/18 17:45:08
282,BIKE,41.427561,2.166022,Font d'en Fargas,1,88,25,0,"291, 292, 293, 295",OPN,01/08/18 17:45:08
283,BIKE,41.42968,2.16157,Carrer Fulton,1,88,20,0,"282, 291, 292, 293",OPN,01/08/18 17:45:08
284,BIKE,41.389503,2.131454,Ada. Diagonal,652,60,25,0,"203, 205, 206, 212",OPN,01/08/18 17:45:08
285,BIKE,41.436708,2.186059,Malats,98,25,17,6,"256, 259, 272",OPN,01/08/18 17:45:08
286,BIKE,41.403103,2.191428,BolĂ­via,76,18,19,0,"42, 44, 142, 143",OPN,01/08/18 17:45:08
287,BIKE,41.389171,2.168113,Gran Via,632,32,11,0,"61, 64, 66, 406",OPN,01/08/18 17:45:08
288,BIKE,41.429636,2.174487,Pl. Virrei Amat,NA,63,19,9,"244, 291, 292, 293",OPN,01/08/18 17:45:08
289,BIKE,41.416828,2.191022,MĂºrcia,64,18,3,23,"127, 238, 240, 248",OPN,01/08/18 17:45:08
290,BIKE,41.437094,2.174047,PlaĂ§a dels Jardins d'AlfĂ bia,1,61,25,1,"294, 295, 299, 301",OPN,01/08/18 17:45:08
291,BIKE,41.425897,2.17505,Cubelles,2,55,17,7,"242, 244, 282, 292",OPN,01/08/18 17:45:08
292,BIKE,41.430036,2.171974,Amilcar,1,63,24,1,"282, 291, 293, 300",OPN,01/08/18 17:45:08
293,BIKE,41.428388,2.163101,Granollers,1,95,12,11,"282, 291, 292, 295",OPN,01/08/18 17:45:08
294,BIKE,41.436373,2.170678,Seu del Districte (Nou Barris),NA,61,17,8,"290, 295, 299, 301",OPN,01/08/18 17:45:08
295,BIKE,41.43345,2.1715,Sant Iscle,60,61,14,10,"282, 292, 294, 301",OPN,01/08/18 17:45:08
296,BIKE,41.436505,2.183877,Carrer de RossellĂ³ i Porcel,1,25,15,16,"259, 272, 285, 298",OPN,01/08/18 17:45:08
297,BIKE,41.438864,2.176822,Carrer TurĂ³ Blau,1,45,9,13,"290, 296, 298, 299",OPN,01/08/18 17:45:08
298,BIKE,41.43463,2.181747,Andreu Nin,22,45,11,19,"275, 296, 300",OPN,01/08/18 17:45:08
299,BIKE,41.433965,2.175199,Carrer de l'Escultor OrdĂ³Ă±ez,55,45,3,22,"294, 295, 297, 301",OPN,01/08/18 17:45:08
300,BIKE,41.431593,2.176909,Carrer de Maladeta,1,47,2,15,"275, 298, 299, 301",OPN,01/08/18 17:45:08
301,BIKE,41.437053,2.169644,Marie Curie,8,61,9,16,"290, 294, 295, 299",OPN,01/08/18 17:45:08
302,BIKE,41.39065,2.111615,Cavallers,41,73,27,0,"303, 304, 335, 336",OPN,01/08/18 17:45:08
303,BIKE,41.393341,2.115076,Cavallers,67,101,19,6,"302, 304, 335, 336",OPN,01/08/18 17:45:08
304,BIKE,41.390208,2.121029,Manuel Girona,7,63,28,2,"203, 204, 305, 335",OPN,01/08/18 17:45:08
305,BIKE,41.387498,2.123637,Diagonal,680,63,25,0,"203, 204, 305, 306",OPN,01/08/18 17:45:08
306,BIKE,41.385465,2.122912,Doctor Salvador Cardenal,7,63,27,1,"199, 204, 305, 310",OPN,01/08/18 17:45:08
307,BIKE,41.379135,2.113505,Pintor Ribalta,NA,50,30,0,"308, 309, 310, 311",OPN,01/08/18 17:45:08
308,BIKE,41.376788,2.113864,Cardenal Reig,11,50,23,0,"307, 309, 310, 311",OPN,01/08/18 17:45:08
309,BIKE,41.37674,2.116973,Sant RamĂ³n Nonat,26,47,25,2,"307, 308, 310, 311",OPN,01/08/18 17:45:08
310,BIKE,41.381223,2.119077,Josep Samitier,NA,47,22,4,"306, 307, 309, 311",OPN,01/08/18 17:45:08
311,BIKE,41.378638,2.120393,Gallego-ArĂ­stides Maillol,2,52,12,10,"307, 308, 309, 310",OPN,01/08/18 17:45:08
312,BIKE,41.379046,2.123253,Arizala,77,50,28,4,"193, 199, 311, 353",OPN,01/08/18 17:45:08
313,BIKE,41.375366,2.129847,Feliu de Casanova,1,42,22,3,"185, 188, 314, 354",OPN,01/08/18 17:45:08
314,BIKE,41.37836,2.129737,Rambla del Brasil,44,46,17,8,"192, 193, 313, 354",OPN,01/08/18 17:45:08
315,BIKE,41.415617,2.181966,GuinardĂ³,32,33,5,21,"177, 239, 241, 280",OPN,01/08/18 17:45:08
316,BIKE,41.422212,2.198316,CantĂ bria,55,13,16,9,"128, 130, 131, 317",OPN,01/08/18 17:45:08
317,BIKE,41.425566,2.200693,Rambla Prim,256,12,10,17,"130, 131, 316, 391",OPN,01/08/18 17:45:08
318,BIKE,41.413406,2.171331,Cartagena,83,59,17,8,"21, 276, 278, 279",OPN,01/08/18 17:45:08
319,BIKE,41.393713,2.145584,SaguĂ¨s,1,65,32,0,"101, 102, 216, 219",OPN,01/08/18 17:45:08
320,BIKE,41.401118,2.147989,VĂ­a Augusta,21,80,25,0,"217, 221, 230, 321",OPN,01/08/18 17:45:08
321,BIKE,41.403054,2.144549,Carrer de Sant Hermenegild,30,80,23,1,"217, 230, 322, 326",OPN,01/08/18 17:45:08
322,BIKE,41.400977,2.13907,SantalĂ³,165,106,14,12,"217, 323, 324, 328",OPN,01/08/18 17:45:08
323,BIKE,41.397996,2.138717,Vallmajor,13,79,1,22,"214, 215, 217, 324",OPN,01/08/18 17:45:08
324,BIKE,41.396938,2.136258,Reina Victoria,31,79,25,2,"214, 215, 322, 323",OPN,01/08/18 17:45:08
325,BIKE,41.39493,2.130325,Alt de Gironella,13,82,17,6,"212, 214, 331, 333",OPN,01/08/18 17:45:08
326,BIKE,41.407384,2.1383,Balmes,409,110,15,15,"321, 327, 328, 330",OPN,01/08/18 17:45:08
327,BIKE,41405,2.13453,Reus,23,106,21,0,"321, 322, 326, 328",OPN,01/08/18 17:45:08
328,BIKE,41.40293,2.13427,Artesa de Segre,2,106,22,4,"321, 322, 327, 329",OPN,01/08/18 17:45:08
329,BIKE,41.402879,2.128541,Carrer de les Escoles Pies,99,130,25,0,"327, 328, 330, 332",OPN,01/08/18 17:45:08
330,BIKE,41.400587,2.130658,Doctor Carulla,44,130,19,5,"328, 329, 331, 332",OPN,01/08/18 17:45:08
331,BIKE,41.39706,2.12801,Castellnou,65,82,17,14,"325, 332, 333, 335",OPN,01/08/18 17:45:08
332,BIKE,41.399822,2.12809,Doctor Roux,86,82,17,0,"329, 330, 331, 333",OPN,01/08/18 17:45:08
333,BIKE,41.395632,2.125106,Passatge de Senillosa,3,82,18,9,"325, 331, 335, 336",OPN,01/08/18 17:45:08
334,BIKE,41.400722,2.123268,Via Augusta,348,138,22,4,"331, 332, 337, 338",OPN,01/08/18 17:45:08
335,BIKE,41.393639,2.123224,Santa AmĂ¨lia,2,96,10,15,"212, 304, 333, 336",OPN,01/08/18 17:45:08
336,BIKE,41.395274,2.120973,Caponata,10,96,25,1,"333, 335, 337, 338",OPN,01/08/18 17:45:08
337,BIKE,41.398719,2.120422,Carme Karr,12,96,13,10,"333, 334, 336, 338",OPN,01/08/18 17:45:08
338,BIKE,41.397572,2.119506,Avinguda de J.Foix,63,96,13,19,"333, 334, 336, 337",OPN,01/08/18 17:45:08
339,BIKE,41.401662,2.205277,Ramon TurrĂ³,246,9,2,21,"153, 154, 165, 382",OPN,01/08/18 17:45:08
340,BIKE,41.436145,2.204634,Sant AdriĂ ,113,28,1,23,"264, 341, 343, 344",OPN,01/08/18 17:45:08
341,BIKE,41.434191,2.205886,Passeig Enric SanchĂ­s,33,28,8,16,"264, 340, 343, 344",OPN,01/08/18 17:45:08
342,BIKE,41.403502,2.193702,Roc Boronat,134,18,14,11,"142, 152, 153, 393, 428",OPN,01/08/18 17:45:08
343,BIKE,41.438886,2.199598,Campana de la Maquinista,NA,19,17,9,"260, 264, 340, 344",OPN,01/08/18 17:45:08
344,BIKE,41.443127,2.199538,Ciutat d'AsunciĂ³n,73,23,4,18,"260, 263, 264, 343",OPN,01/08/18 17:45:08
345,BIKE,41.363093,2.139771,Pl. Teresa de Claramunt,NA,48,2,29,"179, 180, 346, 351",OPN,01/08/18 17:45:08
346,BIKE,41.360654,2.139132,Carrer de la Foneria,33,48,1,29,"345, 347, 348, 349",OPN,01/08/18 17:45:08
347,BIKE,41.359496,2.14182,Alts Forns,77,35,12,19,"345, 346, 348, 349",OPN,01/08/18 17:45:08
348,BIKE,41.357067,2.141563,Jardins de Can Ferrero,NA,13,12,13,"345, 346, 347, 349",OPN,01/08/18 17:45:08
349,BIKE,41.357338,2.137172,Carrer de l'Energia,2,13,17,15,"345, 347, 348, 351",OPN,01/08/18 17:45:08
350,BIKE,41.391833,2.14812,Villarroel,208,69,9,22,"88, 90, 101, 109",OPN,01/08/18 17:45:08
351,BIKE,41.362135,2.135637,Jane Addams,26,48,29,1,"179, 345, 352, 404",OPN,01/08/18 17:45:08
352,BIKE,41.36335,2.134144,Radi,10,48,30,0,"179, 346, 351, 404",OPN,01/08/18 17:45:08
353,BIKE,41.375414,2.123191,MunnĂ©,6,47,23,1,"309, 311, 314, 354",OPN,01/08/18 17:45:08
354,BIKE,41.37592,2.13008,Rambla del Brasil,5,46,1,25,"188, 312, 313, 314",OPN,01/08/18 17:45:08
355,BIKE,41.37211,2.12859,Carreras i Candi,89,39,1,22,"184, 313, 353, 354",OPN,01/08/18 17:45:08
356,BIKE,41.413425,2.163411,CamĂ¨lies,73,115,24,1,"227, 231, 276",OPN,01/08/18 17:45:08
357,BIKE,41.410538,2.1581,Cardener,82,104,27,0,"227, 228, 231, 356",CLS,01/08/18 17:45:08
358,BIKE,41.387225,2.17927,Gombau,24,16,3,23,"34, 35, 36, 390",OPN,01/08/18 17:45:08
359,BIKE,41.390021,2.177572,MĂ©ndez NĂºĂ±ez,16,16,13,10,"5, 358, 362, 363",OPN,01/08/18 17:45:08
360,BIKE,41.395213,2.172984,BailĂ©n,62,42,17,9,"15, 23, 362, 413",OPN,01/08/18 17:45:08
361,BIKE,41.376292,2.178553,Passeig de Colom,NA,5,27,3,"56, 57, 376, 410",OPN,01/08/18 17:45:08
362,BIKE,41.397006,2.17057,BailĂ©n,100,42,8,21,"15, 22, 123, 360",OPN,01/08/18 17:45:08
363,BIKE,41.39076,2.1744,Bruc,20,32,17,10,"23, 34, 105, 359, 412",OPN,01/08/18 17:45:08
364,BIKE,41.39324,2.16343,Passeig de GrĂ cia,61,50,27,4,"60, 72, 92, 374",OPN,01/08/18 17:45:08
365,BIKE,41.387499,2.14702,Viladomat,244,51,29,0,"67, 75, 89, 109",OPN,01/08/18 17:45:08
366,BIKE,41.393037,2.14358,Pau Casals,1,69,25,0,"74, 101, 102, 208",OPN,01/08/18 17:45:08
367,BIKE,41.385057,2.137331,Sentmenat,39,57,25,2,"75, 196, 197, 201",OPN,01/08/18 17:45:08
368,BIKE,41.396815,2.175714,DiputaciĂ³,350,21,14,11,"1, 360, 362, 387",OPN,01/08/18 17:45:08
369,BIKE,41.400168,2.177948,Consell de Cent,482,28,11,14,"1, 22, 24, 30",OPN,01/08/18 17:45:08
370,BIKE,41.403735,2.172987,Sardenya,234,49,18,11,"18, 19, 22, 120",OPN,01/08/18 17:45:08
371,BIKE,41.404027,2.181264,Carrer dels Enamorats,49,28,10,22,"26, 30, 218, 369",OPN,01/08/18 17:45:08
372,BIKE,41.400167,2.184362,Ribes,77,18,13,12,"1, 16, 119, 426",OPN,01/08/18 17:45:08
373,BIKE,41.375073,2.161305,Av. Paral.lel,132,35,17,18,"85, 86, 113, 235",OPN,01/08/18 17:45:08
374,BIKE,41395,2.16123,Passeig de GrĂ cia,89,50,11,19,"27, 68, 72, 92",OPN,01/08/18 17:45:08
375,BIKE,41.372154,2.180701,World Trade Center,NA,1,20,4,"56, 57, 114, 376, 410",OPN,01/08/18 17:45:08
376,BIKE,41.371663,2.180302,World Trade Center,NA,1,9,14,"56, 57, 361, 375, 378",OPN,01/08/18 17:45:08
377,BIKE,41.37747,2.183737,Pl. IctĂ­neo,NA,1,18,12,"37, 38, 126, 402",OPN,01/08/18 17:45:08
378,BIKE,41.378516,2.176716,Pl.Joaquim Xira i Palau,1,5,5,12,"56, 57, 114, 425",OPN,01/08/18 17:45:08
379,BIKE,41.381709,2.177308,Pl. Sant Miquel,4,5,9,7,"37, 55, 378, 401",OPN,01/08/18 17:45:08
380,BIKE,41.385463,2.174252,Duran i Bas,2,32,19,2,"34, 36, 53, 395",OPN,01/08/18 17:45:08
381,BIKE,41.381607,2.167667,AgustĂ­ Duran i Sanpere,10,24,22,8,"51, 59, 388, 415",OPN,01/08/18 17:45:08
382,BIKE,41.403938,2.204188,Lope de Vega,79,10,22,5,"150, 154, 155, 162",OPN,01/08/18 17:45:08
384,BIKE,41.380708,2.146793,VilamarĂ­,85,44,24,1,"81, 87, 100, 191",OPN,01/08/18 17:45:08
385,BIKE,41.387978,2.155266,Casanova,119,45,27,1,"76, 89, 90, 110",OPN,01/08/18 17:45:08
386,BIKE,41.375086,2.156848,Av.Paral.lel,164,40,0,23,"85, 112, 236, 237",OPN,01/08/18 17:45:08
387,BIKE,41.395796,2.178784,NĂ pols,125,21,0,25,"1, 3, 119, 414",OPN,01/08/18 17:45:08
388,BIKE,41.380593,2.167418,Riera Alta,6,24,9,9,"54, 58, 148, 381",OPN,01/08/18 17:45:08
389,BIKE,41.38739,2.1875,Recinte Parc de la Ciutadella,NA,11,23,1,"6, 14, 47, 118",OPN,01/08/18 17:45:08
390,BIKE,41.386955,2.18195,ComerĂ§,36,16,20,6,"7, 9, 389",OPN,01/08/18 17:45:08
391,BIKE,41.422873,2.191204,Sagrera,74,18,4,21,"238, 248, 289, 423",OPN,01/08/18 17:45:08
392,BIKE,41.390595,2.190681,Ramon TurrĂ³,4,11,16,3,"45, 47, 118, 409",OPN,01/08/18 17:45:08
393,BIKE,41.402177,2.197653,Llacuna,86,16,22,8,"142, 152, 153, 428",OPN,01/08/18 17:45:08
394,BIKE,41.38733,2.16305,DiputaciĂ³,226,41,26,0,"79, 80, 209",OPN,01/08/18 17:45:08
395,BIKE,41.386009,2.170212,Pl. Catalunya,22,32,11,20,"62, 63, 64, 65",OPN,01/08/18 17:45:08
396,BIKE,41.389028,2.196844,Joan MirĂ³,2,1,25,8,"49, 117, 397, 407",OPN,01/08/18 17:45:08
397,BIKE,41.388894,2.199334,Av. Del Litoral,24,1,1,24,"69, 117, 170, 172",OPN,01/08/18 17:45:08
398,BIKE,41.381011,2.193502,Passeig MarĂ­tim de la Barceloneta,NA,0,18,5,"11, 12, 124, 424",OPN,01/08/18 17:45:08
400,BIKE,41.36958,2.188017,Moll Oriental,NA,5,21,4,"31, 32, 33, 41, 124",OPN,01/08/18 17:45:08
401,BIKE,41.381241,2.181838,Pl. Antonio LĂ³pez (Via Laietana) annexa a la 37,NA,5,3,19,"37, 115, 126, 402",OPN,01/08/18 17:45:08
402,BIKE,41.380565,2.182119,Passeig de Colom,NA,5,7,16,"37, 38, 377, 401",OPN,01/08/18 17:45:08
404,BIKE,41.365374,2.133087,Juan Gris,28,16,25,1,"179, 180, 184, 352",OPN,01/08/18 17:45:08
405,BIKE,41.38551,2152,Comte Borrell,198,45,27,0,"83, 87, 110, 225",OPN,01/08/18 17:45:08
406,BIKE,41.386512,2.164597,Gran Via de Les Corts Catalanes,592,41,19,13,"62, 78, 79, 287",OPN,01/08/18 17:45:08
407,BIKE,41.388471,2.192835,Ramon Trias Fargas,19,1,14,11,"46, 47, 69, 392",OPN,01/08/18 17:45:08
408,BIKE,41.388609,2.19231,"Villena, 11",11,1,15,18,"46, 47, 392, 409",OPN,01/08/18 17:45:08
409,BIKE,41.392358,2.192478,Joan d'Ă€ustria,31 B,11,6,11,"45, 47, 149, 392",OPN,01/08/18 17:45:08
410,BIKE,41.376433,2.17871,"Passeig de Colom, s/n",NA,5,30,1,"56, 57, 361, 375",OPN,01/08/18 17:45:08
412,BIKE,41.389012,2.172667,Pl. Urquinaona,3,32,19,6,"34, 64, 65, 105, 363",OPN,01/08/18 17:45:08
413,BIKE,41.393512,2.170718,Bruc,66,42,21,5,"15, 23, 25, 360",OPN,01/08/18 17:45:08
414,BIKE,41.393744,2.176451,Casp,67,21,23,5,"23, 360, 363, 387",OPN,01/08/18 17:45:08
415,BIKE,41.379374,2.168921,Rambla del Raval,13,24,7,18,"54, 187, 388, 416",OPN,01/08/18 17:45:08
416,BIKE,41.378134,2.16965,Rambla del Raval,20,24,8,17,"54, 187, 388, 415",OPN,01/08/18 17:45:08
418,BIKE,41.390943,2.180251,Passeig de LluĂ­s Companys,NA,16,16,8,"6, 7, 359, 419",OPN,01/08/18 17:45:08
419,BIKE,41.391299,2.180828,Passeig de LluĂ­s Companys,NA,16,18,13,"4, 6, 8, 418",OPN,01/08/18 17:45:08
420,BIKE,41.374213,2.148082,Gran Via,361,61,24,1,"93, 94, 95, 96",OPN,01/08/18 17:45:08
421,BIKE,41.377845,2.13923,PlaĂ§a de Joan PeirĂ³,NA,45,3,26,"98, 100, 188, 210",OPN,01/08/18 17:45:08
423,BIKE,41.420201,2.189532,Carrer d'Hondures,32,18,1,26,"240, 248, 289, 391",OPN,01/08/18 17:45:08
424,BIKE,41.379632,2.192662,"Passeig MarĂ­tim de la Barceloneta, devant del 5-7",5,0,12,13,"11, 41, 124, 398",OPN,01/08/18 17:45:08
425,BIKE,41.37652,2.1749,Carrer de CervellĂ³,5,24,18,7,"50, 56, 57, 114",OPN,01/08/18 17:45:08
426,BIKE,41.398305,2.183023,Carrer de Ribes,59,21,21,9,"1, 24, 119, 372",OPN,01/08/18 17:45:08
427,BIKE,41.375336,2.168007,Carrer de Sant Pau,119,24,13,7,"50, 148, 187, 232",OPN,01/08/18 17:45:08
428,BIKE,41.398389,2.196261,Carrer Pujades,103,11,26,1,"142, 149, 153, 161",OPN,01/08/18 17:45:08
451,BIKE-ELECTRIC,41.37445,2.159668,(PK) C/ JAUME FABRA,12,35,11,1,453,OPN,01/08/18 17:45:08
452,BIKE-ELECTRIC,41.398747,2.186289,(PK) C/ PADILLA,159,18,6,4,"459, 476",OPN,01/08/18 17:45:08
453,BIKE-ELECTRIC,41.379563,2.16204,(PK) C/ URGELL,14,35,9,1,"451, 480",OPN,01/08/18 17:45:08
454,BIKE-ELECTRIC,41.402448,2.204131,(PK) C/ BILBAO,24,18,3,9,469,OPN,01/08/18 17:45:08
455,BIKE-ELECTRIC,41.388966,2.19917,(PK) AV. DEL LITORAL,34,1,5,5,"467, 479",OPN,01/08/18 17:45:08
456,BIKE-ELECTRIC,41.389853,2.128581,(PK) C/ DE FLOS I CALCAT,2,60,6,6,"458, 470",OPN,01/08/18 17:45:08
457,BIKE-ELECTRIC,41.401519,2.134235,(PK) C/ DE JOSEP BALARĂ,2,106,4,8,"465, 470",OPN,01/08/18 17:45:08
458,BIKE-ELECTRIC,41.384344,2.122085,(PK) AV. JOAN XXIII,23-25,60,4,8,"456, 471",OPN,01/08/18 17:45:08
459,BIKE-ELECTRIC,41.393941,2.181443,(PK) C/ D'ALĂ BEI,54,21,6,6,"452, 492",OPN,01/08/18 17:45:08
460,BIKE-ELECTRIC,41.385702,2.177316,(PK) AV. FRANCESC CAMBĂ“,10,16,10,2,"485, 493",OPN,01/08/18 17:45:08
461,BIKE-ELECTRIC,41.384111,2.14274,(PK) AV. JOSEP TARRADELLAS,46,51,3,9,"452, 481",OPN,01/08/18 17:45:08
462,BIKE-ELECTRIC,41.390125,2.143221,(PK) AV. JOSEP TARRADELLAS,139,51,7,3,"461, 487",OPN,01/08/18 17:45:08
463,BIKE-ELECTRIC,41.375244,2.169795,(PK) C/ DE LÂ´ABAT SAFONT,2,1,5,5,"453, 480",OPN,01/08/18 17:45:08
464,BIKE-ELECTRIC,41.427727,2.177205,"(PK) C/ DE RAMON ALBĂ“, 77s",77,42,11,1,"468, 488",OPN,01/08/18 17:45:08
465,BIKE-ELECTRIC,41.40542,2.142456,(PK) RDA. DEL GENERAL MITRE,203,76,5,7,"457, 472",OPN,01/08/18 17:45:08
466,BIKE-ELECTRIC,41.415745,2.180684,(PK) PG. MARAGALL,54,33,7,5,"475, 488",OPN,01/08/18 17:45:08
467,BIKE-ELECTRIC,41.38582,2.194135,(PK) C/ DEL DR. AIGUADER,86-88,1,9,3,"455, 479",OPN,01/08/18 17:45:08
468,BIKE-ELECTRIC,41.430201,2.187974,(PK) C/ DE LES MONGES,2,27,9,3,"464, 488",OPN,01/08/18 17:45:08
469,BIKE-ELECTRIC,41.404362,2.197132,(PK) RAMBLA DEL POBLENOU,130,32,6,6,"454, 476",OPN,01/08/18 17:45:08
470,BIKE-ELECTRIC,41.397921,2.125411,(PK) C/ CARDENAL DE SENTMENAT,8,82,11,1,"457, 471",OPN,01/08/18 17:45:08
471,BIKE-ELECTRIC,41.39415,2.114973,(PK) C/ MARQUĂˆS DE MULHACĂ‰N,51,101,7,5,"458, 470",OPN,01/08/18 17:45:08
472,BIKE-ELECTRIC,41.407353,2.151341,(PK) C/ DEL TORRENT DE LÂ´OLLA,221,72,7,3,"465, 474",OPN,01/08/18 17:45:08
473,BIKE-ELECTRIC,41.404459,2.214978,(PK) PG. DE GARCIA FĂ€RIA,71,1,7,5,"454, 482",OPN,01/08/18 17:45:08
474,BIKE-ELECTRIC,41.3989,2.153668,(PK) PL. GALÂ·LA PLACĂDIA,2,59,10,0,483,OPN,01/08/18 17:45:08
475,BIKE-ELECTRIC,41.408528,2.169385,(PK) C/ DE LA MARINA,345,59,6,5,"483, 496",OPN,01/08/18 17:45:08
476,BIKE-ELECTRIC,41.402459,2.19042,(PK) C/ DE BADAJOZ,168,18,10,2,"452, 469",OPN,01/08/18 17:45:08
477,BIKE-ELECTRIC,41.376648,2.178745,(PK) PG. DE COLOM,1,1,4,6,"478, 493",OPN,01/08/18 17:45:08
478,BIKE-ELECTRIC,41.3798,2.1891,(PK) C/ DEL BALUARD,27,1,5,7,"467, 477",OPN,01/08/18 17:45:08
479,BIKE-ELECTRIC,41.387298,2.196595,(PK) C/ DE LA MARINA,13-17,1,3,9,"455, 467",OPN,01/08/18 17:45:08
480,BIKE-ELECTRIC,41.381516,2.170239,(PK) C/ DELS FLORISTES DE LA RAMBLA,8,24,4,8,"463, 493",OPN,01/08/18 17:45:08
481,BIKE-ELECTRIC,41.383036,2.150337,(PK) C/ DE VALĂˆNCIA,77,44,10,2,"461, 495",OPN,01/08/18 17:45:08
482,BIKE-ELECTRIC,41.41306,2.22123,(PK) PL. D'ERNEST LLUCH I MARTIN,SN,1,8,4,"473, 489",OPN,01/08/18 17:45:08
483,BIKE-ELECTRIC,41.401752,2.160748,(PK) C/ DE SIRACUSA,39-51,58,9,3,474,OPN,01/08/18 17:45:08
484,BIKE-ELECTRIC,41.388101,2.166997,(PK) RAMBLA CATALUNYA - RDA. UNIVERSITAT,SN,40,4,8,"485, 494",OPN,01/08/18 17:45:08
485,BIKE-ELECTRIC,41.389914,2.173239,(PK) PLAĂ‡A URQUINAONA,SN,32,5,5,"460, 492",OPN,01/08/18 17:45:08
486,BIKE-ELECTRIC,41.396934,2.159445,(PK) PG. DE GRĂ€CIA - DIAGONAL,NA,50,12,0,"451, 474",CLS,01/08/18 17:45:08
487,BIKE-ELECTRIC,41.38921,2154,(PK) PL. DE FERRER I CAJIGAL,NA,45,11,1,"462, 481",OPN,01/08/18 17:45:08
488,BIKE-ELECTRIC,41.423976,2.184391,(PK) C/ DE CIENFUEGOS,13,18,10,2,"464, 468",OPN,01/08/18 17:45:08
489,BIKE-ELECTRIC,41.409532,2.188282,(PK) PLAĂ‡A CANONGE RODĂ“,SN,40,6,5,"469, 482",OPN,01/08/18 17:45:08
491,BIKE-ELECTRIC,41.37252,2.12898,(PK) C/ DE CARRERAS I CANDI,65,61,10,2,"458, 495",OPN,01/08/18 17:45:08
492,BIKE-ELECTRIC,41.394232,2.175278,PL. DE TETUAN,8-9,21,10,14,"459, 485",OPN,01/08/18 17:45:08
493,BIKE-ELECTRIC,41.38186,2.177086,PL. SANT MIQUEL,4,8,9,14,"460, 477",OPN,01/08/18 17:45:08
494,BIKE-ELECTRIC,41.389481,2.165357,RAMBLA CATALUNYA,31,41,16,8,"484, 485",OPN,01/08/18 17:45:08
495,BIKE-ELECTRIC,41.377191,2.149283,C/ DIPUTACIĂ“ - TARRAGONA,SN,45,13,11,"451, 481",OPN,01/08/18 17:45:08
496,BIKE-ELECTRIC,41.404871,2.175141,C/ DE PROVENĂ‡A,445,21,13,11,"452, 475",OPN,01/08/18 17:45:08
